,Topic0,Topic1,Topic2,Topic3,Topic4,Topic5,Topic6,Topic7,Topic8,Topic9,dominant_topic
Doc0,0.04,0,0.03,0,0,0,0,0,0,0.92,9,https://stackoverflow.com/questions/59532385/blockchain-technology-overview
Doc1,0.01,0,0.16,0,0,0,0,0,0.25,0.59,9,https://stackoverflow.com/questions/59525641/what-happens-when-certificates-got-renewed-in-hyperledger-fabric
Doc2,0,0.07,0,0.44,0,0,0,0,0.48,0,8,https://stackoverflow.com/questions/59493047/hyperledger-fabric-configtxgen-error-reading-config-map-merge-requires-map-or
Doc3,0,0.77,0,0,0,0,0,0,0,0.21,1,https://stackoverflow.com/questions/59468223/how-to-use-fabric-sdk-go-to-dynamically-add-organizations-or-delete-organizatio
Doc4,0.7,0,0.23,0,0,0,0,0,0,0.06,0,https://stackoverflow.com/questions/59464207/how-to-store-chat-messages-in-blockchain
Doc5,0,0,0,0.45,0.12,0,0.04,0.27,0,0.12,3,https://stackoverflow.com/questions/59448694/unhandled-rejection-chainerrmissing-field-proof
Doc6,0,0,0,0.11,0,0,0,0.12,0.64,0.13,8,https://stackoverflow.com/questions/59441596/hyperledger-sawtooth-consuming-all-ram-in-the-docker-memoryerror-lmdb-ram
Doc7,0,0,0,0.15,0.14,0,0.58,0,0,0.13,6,https://stackoverflow.com/questions/59441099/web3js-contract-deploy-never-resolved-the-promise-or-never-exits
Doc8,0.12,0.13,0,0,0,0,0,0,0,0.74,9,https://stackoverflow.com/questions/59425683/what-is-the-default-and-maximum-block-size-in-hyperledger-sawtooth-blockchain
Doc9,0,0,0,0,0,0.63,0.06,0.07,0,0.22,5,https://stackoverflow.com/questions/59425458/when-is-an-account-in-polkadot-kusama-reaped
Doc10,0,0,0.28,0,0,0.39,0.12,0,0,0.21,5,https://stackoverflow.com/questions/59423792/how-do-i-sweep-a-polkadot-wallet
Doc11,0.08,0,0,0,0,0.21,0,0.08,0.35,0.27,8,https://stackoverflow.com/questions/59408805/in-hyperledger-fabric-does-a-client-send-a-transaction-to-all-orders-or-only-to
Doc12,0,0,0,0.17,0,0.08,0.47,0,0,0.28,6,https://stackoverflow.com/questions/59404306/transaction-has-been-reverted-by-the-evm-while-submiting-transaction-via-web3js
Doc13,0.59,0,0,0,0,0,0,0,0.4,0,0,https://stackoverflow.com/questions/59401290/msp-nodes-act-for-a-consensus-service-in-hyperledger-fabric
Doc14,0,0,0,0,0.57,0,0,0.35,0.07,0,4,https://stackoverflow.com/questions/59372517/how-do-you-fix-error-when-launching-ganache-after-installation
Doc15,0,0,0.21,0.65,0,0,0,0,0.15,0,3,https://stackoverflow.com/questions/59359370/can-i-pass-objects-to-a-hyperledger-fabric-transaction
Doc16,0,0,0,0,0,0,0,0,0,1,9,https://stackoverflow.com/questions/59352815/when-using-proof-of-stake-why-does-a-block-header-need-to-be-signed-by-the-mine
Doc17,0,0,0,0.22,0.11,0.03,0.55,0,0,0.08,6,https://stackoverflow.com/questions/59349258/call-constructor-and-deploy-with-web3-and-ropsten
Doc18,0,0,0,0,0,0,0,0.98,0,0,7,https://stackoverflow.com/questions/59305330/start-corda-cash-issuer
Doc19,0,0,0,0,0.89,0,0.1,0,0,0,4,https://stackoverflow.com/questions/59300796/how-to-install-packages-for-a-nodejs-blockchain-project
Doc20,0,0,0,0,0.02,0,0,0,0.53,0.45,8,https://stackoverflow.com/questions/59300390/hyperledger-fabric-channel-tx-and-genesis-block-very-unclear
Doc21,0,0.13,0,0,0,0,0.1,0.42,0,0.33,7,https://stackoverflow.com/questions/59298399/qldb-high-latency-of-5000ms
Doc22,0,0,0.25,0,0,0.06,0,0.19,0.49,0,8,https://stackoverflow.com/questions/59282756/generate-tls-certs-using-fabric-ca-server
Doc23,0,0,0.65,0.09,0,0,0.25,0,0,0,2,https://stackoverflow.com/questions/59276359/converting-bytecode-of-solidity-smart-contract-back-to-its-original-state
Doc24,0.15,0.3,0.29,0,0,0.07,0.08,0,0.11,0,1,https://stackoverflow.com/questions/59281021/aws-managed-blockchain-hyperledger-fabric-write-and-read-data-to-from-peer-n
Doc25,0,0,0,0,0,0.47,0,0,0.51,0.02,8,https://stackoverflow.com/questions/59268975/what-are-the-different-roles-in-hyperledger-fabric
Doc26,0,0,0.02,0.44,0,0,0.37,0,0,0.17,3,https://stackoverflow.com/questions/59260811/unable-to-fetch-transaction-value-and-senders-address-in-java-web3j-s-ethblock
Doc27,0.3,0.06,0.24,0,0,0,0,0,0,0.38,9,https://stackoverflow.com/questions/59253200/how-is-multiparty-computation-mpc-possible-using-blockchain
Doc28,0,0,0.65,0,0.1,0,0.23,0,0,0,2,https://stackoverflow.com/questions/59253130/how-to-make-corda-smart-contracts-to-run-inside-intel-sgx-enclaves
Doc29,0,0,0,0,0.99,0,0,0,0,0,4,https://stackoverflow.com/questions/59247439/getting-error-invalid-or-corrupt-jarfile-corda-jar-while-bootstrapping-the-co
Doc30,0,0,0,0,0.14,0.23,0,0.15,0.43,0.06,8,https://stackoverflow.com/questions/59207030/can-we-migrate-from-kafka1-4-0-to-raft1-4-3-if-channel-capabilities-are-disa
Doc31,0,0.1,0.02,0,0.27,0.24,0,0,0.36,0,8,https://stackoverflow.com/questions/59201793/fabric-cryptogen-tool-generating-incorrect-certificate-paths
Doc32,0,0,0,0.48,0.12,0,0.39,0,0,0,3,https://stackoverflow.com/questions/59190893/methods-myfunction-call-throws-returned-values-arent-valid-did-it-run-out
Doc33,0,0,0.15,0,0,0.01,0.77,0.06,0,0,6,https://stackoverflow.com/questions/59187593/deploy-smart-contract-on-ropsten-network
Doc34,0,0,0.03,0,0,0,0,0,0.91,0.06,8,https://stackoverflow.com/questions/59182124/channel-creation-fails-after-upgrading-hyperledger-fabric-network
Doc35,0.03,0,0.65,0,0,0,0,0,0.32,0,2,https://stackoverflow.com/questions/59177269/admin-users-created-by-ca-vs-admin-users-created-by-cryptogen-in-hyperle
Doc36,0,0.46,0,0,0,0,0,0.27,0.26,0,1,https://stackoverflow.com/questions/59174253/failed-to-establish-connection-between-1-organisation-peer-and-channel
Doc37,0,0,0.08,0,0.23,0,0.68,0,0,0,6,https://stackoverflow.com/questions/59172558/metamask-stopping-to-inject-web3-js
Doc38,0.05,0,0.83,0,0,0,0.12,0,0,0,2,https://stackoverflow.com/questions/59165184/could-we-consider-non-plugins-web-based-crypto-wallets-as-safe
Doc39,0,0,0,1,0,0,0,0,0,0,3,https://stackoverflow.com/questions/59163250/litecore-lib-function-to-sign-transactions-does-not-work-propertly
Doc40,0.14,0,0.08,0.41,0,0.04,0.33,0,0,0,3,https://stackoverflow.com/questions/59160115/how-can-i-get-the-data-stored-in-blockchain-and-then-display-on-webpage
Doc41,0,0.53,0.23,0,0,0,0.01,0,0.21,0.02,1,https://stackoverflow.com/questions/59146609/hyperledger-fabric-blockchain-network-from-scratch
Doc42,0,0,0,0,0,0.9,0,0.09,0,0,5,https://stackoverflow.com/questions/59125602/how-to-split-files-and-integrate-it-in-flutter
Doc43,0,0,0,0.97,0,0,0,0,0,0,3,https://stackoverflow.com/questions/59106964/how-to-broadcast-transaction-using-litecoire-lib
Doc44,0,0.47,0,0,0.52,0,0,0,0,0,4,https://stackoverflow.com/questions/59102988/could-not-run-corda-nodes-inside-docker-container-as-corda-tools-network-builder
Doc45,0,0,0,0,0,0,0,1,0,0,7,https://stackoverflow.com/questions/59099870/while-using-openapi-braid-for-generating-api-for-my-corda-project-its-showing-so
Doc46,0,0,0,0,0,0,0,0,0.25,0.74,9,https://stackoverflow.com/questions/59097794/how-do-i-get-the-transaction-timestamp-from-a-block
Doc47,0.71,0,0,0,0,0.08,0.08,0,0,0.12,0,https://stackoverflow.com/questions/59096367/is-there-any-way-to-make-a-specific-information-on-blockchain-can-only-be-querie
Doc48,0.25,0,0,0.69,0,0,0.05,0,0,0,3,https://stackoverflow.com/questions/59095178/global-variables-in-javascript-and-how-to-return-variables-from-then-javascrip
Doc49,0.11,0,0,0,0,0,0.87,0,0,0,6,https://stackoverflow.com/questions/59092469/how-to-login-ethereum-account-by-privatekey-via-web3
Doc50,0.14,0.03,0.01,0.07,0,0.75,0,0,0,0,5,https://stackoverflow.com/questions/59089178/hypelerdger-indy-node-seed-value
Doc51,0,0.17,0.5,0,0,0.11,0,0,0.06,0.15,2,https://stackoverflow.com/questions/59084817/need-of-admin-for-the-first-time-in-blockchain
Doc52,0,0,0,0,0,0,0,0,1,0,8,https://stackoverflow.com/questions/59083970/unable-to-update-batchtimeout-in-orderer-configuration
Doc53,0,0.04,0,0.96,0,0,0,0,0,0,3,https://stackoverflow.com/questions/59082832/how-to-sign-bitcoin-psbt-with-ledger
Doc54,0,0,0.06,0,0,0.51,0,0.13,0,0.28,5,https://stackoverflow.com/questions/59073653/is-there-anyway-to-reduce-funds-confirmation-timing-in-coinpayments-api
Doc55,0,0.33,0.53,0.03,0,0,0,0.1,0,0,2,https://stackoverflow.com/questions/59071631/composer-card-import-error-return-required-file-not-found-connection-json
Doc56,0.39,0,0,0,0.23,0,0,0.11,0,0.26,0,https://stackoverflow.com/questions/59069877/how-to-reliably-observe-state-updates-in-the-corda-node
Doc57,0,0,0.18,0,0,0,0,0.3,0.43,0.08,8,https://stackoverflow.com/questions/59065967/use-hyperledger-fabric-cli-for-production
Doc58,0,0,0,0.26,0,0,0,0.4,0,0.35,7,https://stackoverflow.com/questions/59063378/bitcoin-full-node-showing-weird-transaction-in-some-blocks
Doc59,0,0,0,0.74,0,0,0,0,0,0.25,3,https://stackoverflow.com/questions/59058683/test-if-first-two-bits-of-hash-are-both-1
Doc60,0,0,0,0.28,0,0,0,0,0,0.71,9,https://stackoverflow.com/questions/59054025/add-creator-name-to-a-block
Doc61,0,0,0,0,0,0.4,0,0.48,0,0.1,7,https://stackoverflow.com/questions/59051114/corda-duplicate-attachment-exception
Doc62,0,0,0.36,0.03,0,0.17,0.44,0,0,0,6,https://stackoverflow.com/questions/59048312/can-we-use-solidity-with-nodejs
Doc63,0.4,0,0,0,0,0,0,0.59,0,0,7,https://stackoverflow.com/questions/59045687/how-to-set-current-user-in-azure-blockchain-workbench-through-rest-api
Doc64,0,0,0,0.52,0,0,0,0.48,0,0,3,https://stackoverflow.com/questions/59045006/how-to-get-the-notification-when-the-vaultstate-has-updated-in-corda
Doc65,0,0.12,0,0,0.12,0,0.09,0,0.67,0,8,https://stackoverflow.com/questions/59037804/hyperledger-fabric-v1-4-4-instantiating-smart-contract-on-mychannel-with-error
Doc66,0,0,0,0,0,0,0,0,0,0.99,9,https://stackoverflow.com/questions/59029207/how-to-calculate-blockchain-transaction-fee
Doc67,0,0,0,0,0.37,0.12,0.37,0.06,0.08,0,4,https://stackoverflow.com/questions/59024670/cant-find-package-building-go-ethereum
Doc68,0,0.02,0,0,0.96,0.01,0,0.01,0,0,4,https://stackoverflow.com/questions/59013215/node-gyp-fails-during-installation-web3-scrypt6-0-3-install-node-gyp-rebuild
Doc69,0,0,0.45,0.1,0.14,0.31,0,0,0,0,2,https://stackoverflow.com/questions/59012154/substrate-how-to-integrate-with-the-session-module
Doc70,0.11,0,0,0.34,0,0,0,0.22,0,0.33,3,https://stackoverflow.com/questions/59011410/bitcoin-scripts-with-data-after-november-2019-bitcoin-cash-hard-fork
Doc71,0.17,0,0,0.73,0,0,0.1,0,0,0,3,https://stackoverflow.com/questions/59001729/solidity-unexpected-response
Doc72,0,0,0.22,0,0.17,0.24,0.21,0.15,0,0,5,https://stackoverflow.com/questions/58945183/trying-to-integrate-corda-r3-blockchain-with-an-utimaco-hsm-using-the-sunpkcs11
Doc73,0,0,0.94,0.05,0,0,0,0,0,0,2,https://stackoverflow.com/questions/58948910/can-we-create-non-fungible-tokens-with-hyperledger
Doc74,0.14,0,0,0.53,0,0.17,0.16,0,0,0,3,https://stackoverflow.com/questions/58940476/how-to-get-trc20-transactions-to-an-address
Doc75,0.13,0,0,0,0,0.86,0,0,0,0,5,https://stackoverflow.com/questions/58936447/looking-for-a-project-that-allow-me-to-create-my-own-blockchain
Doc76,0,0,0.37,0,0.06,0,0.56,0,0,0,6,https://stackoverflow.com/questions/58934814/deploy-2-raspberrypis-on-test-network-and-link-them-to-a-smart-contract
Doc77,0,0,0.11,0.28,0,0,0.56,0,0.04,0,6,https://stackoverflow.com/questions/58931560/how-to-generate-eos-address-or-username-in-nodejs
Doc78,0,0,0.95,0,0,0,0,0,0,0.04,2,https://stackoverflow.com/questions/58930149/notarized-documents-with-hyperledger-indy
Doc79,0.03,0,0,0,0,0,0,0.95,0,0,7,https://stackoverflow.com/questions/58913107/configure-esplora-to-point-to-the-bitcoind-servers-ip-address
Doc80,0.53,0,0,0.16,0,0,0.01,0,0,0.29,0,https://stackoverflow.com/questions/58911944/how-to-decrypt-in-blockchain
Doc81,0,0,0.12,0,0.44,0.14,0.29,0,0,0,4,https://stackoverflow.com/questions/58891229/i-am-trying-to-install-web3-module-through-npm
Doc82,0.19,0,0.66,0,0,0.15,0,0,0,0,2,https://stackoverflow.com/questions/58889992/key-differences-between-hyperledger-aries-and-hyperledger-indy
Doc83,0,0,0,0,0.99,0,0,0,0,0,4,https://stackoverflow.com/questions/58888309/indy-node-installation-issue-in-ubuntu
Doc84,0.61,0.08,0.21,0,0.07,0,0.03,0,0,0,0,https://stackoverflow.com/questions/58882942/blockchain-based-database-for-storing-simple-records
Doc85,0,0.47,0,0,0.16,0,0,0.36,0,0,1,https://stackoverflow.com/questions/58882580/oan-aion-staking-pool-putting-blocksigner-in-a-docker-container
Doc86,0.58,0,0.42,0,0,0,0,0,0,0,0,https://stackoverflow.com/questions/58882523/decentralised-identity-management
Doc87,0,0,0,0,0.15,0.28,0.35,0,0,0.2,6,https://stackoverflow.com/questions/58879002/which-node-packages-are-used-for-ethereum-classics-etc-transaction-implementa
Doc88,0.04,0,0,0.78,0.11,0,0.07,0,0,0,3,https://stackoverflow.com/questions/58875909/accessing-variable-value-initialized-in-one-function-from-another-function-in-so
Doc89,0,0,0.54,0,0.1,0,0,0.35,0,0,2,https://stackoverflow.com/questions/58874550/errorcomposer-runtime-is-not-compatible-with-client
Doc90,0,0,0,0,0,0,0.17,0.23,0,0.59,9,https://stackoverflow.com/questions/58873774/bitcoin-cash-transaction-history-api
Doc91,0.08,0,0.78,0.05,0,0.09,0,0,0,0,2,https://stackoverflow.com/questions/58864054/what-are-self-sovereign-identities
Doc92,1,0,0,0,0,0,0,0,0,0,0,https://stackoverflow.com/questions/58857766/hyperledger-indy-validator-info-basic-explanation
Doc93,0,0,0.42,0.04,0.04,0.16,0.33,0,0,0,2,https://stackoverflow.com/questions/58833175/deploy-smart-contract-on-blockchain-only-using-evm-api-without-using-geth-or-tuf
Doc94,0.23,0,0,0,0.05,0.49,0,0.22,0,0,5,https://stackoverflow.com/questions/58834969/how-can-i-configure-a-database-in-the-node-conf-file-using-corda-rpc
Doc95,0,0,0,0,0.44,0.5,0,0,0.05,0,5,https://stackoverflow.com/questions/58816736/error-ts5056-cannot-write-file-because-it-would-be-would-be-overwritten
Doc96,0,0,0.27,0.12,0.22,0,0.27,0,0,0.11,2,https://stackoverflow.com/questions/58813375/error-3080006transaction-took-too-long-in-eosio-blockchain
Doc97,0.11,0,0,0.81,0.05,0,0,0,0,0.03,3,https://stackoverflow.com/questions/58813334/hash-does-not-change-even-when-data-set-is-changed-to-another-value
Doc98,0,0,0.06,0,0.03,0.11,0.59,0.19,0,0,6,https://stackoverflow.com/questions/58798505/geth-getting-0-tether-on-local-getbalance
Doc99,0,0,0,0.23,0,0,0,0,0,0.77,9,https://stackoverflow.com/questions/58781970/is-it-always-possible-to-find-a-nonce-for-target-hash
Doc100,0.07,0,0.11,0,0.07,0.21,0,0,0,0.54,9,https://stackoverflow.com/questions/58774207/pbft-consensus-algorithm-and-double-spending
Doc101,0.33,0.16,0.05,0,0,0.32,0,0,0,0.14,0,https://stackoverflow.com/questions/58772666/key-differences-between-amazon-managed-blockchain-and-quantum-ledger-database-q
Doc102,0,0.74,0,0,0,0.09,0.06,0,0,0.11,1,https://stackoverflow.com/questions/58771491/performance-metrics-on-amazon-managed-blockchain
Doc103,0.39,0,0.44,0,0,0,0,0.06,0,0.11,2,https://stackoverflow.com/questions/58763769/how-to-use-intel-sgx-platform-services-with-hyperledger-sawtooth
Doc104,0,0.79,0,0.19,0,0,0,0,0,0,1,https://stackoverflow.com/questions/58761837/configuring-events-on-the-amazon-managed-blockchain
Doc105,0,0,0,0.57,0.22,0.2,0,0,0,0,3,https://stackoverflow.com/questions/58760218/ipfs-return-file-url
Doc106,0,0,0,0.8,0.06,0,0,0,0,0.14,3,https://stackoverflow.com/questions/58736950/how-to-sign-bitcoin-cash-raw-transaction
Doc107,0.49,0,0,0,0,0,0,0,0,0.5,9,https://stackoverflow.com/questions/58730835/what-conventional-databases-can-we-use-to-store-blockchain-data-or-cant-we
Doc108,0.77,0,0,0.03,0,0,0,0,0,0.2,0,https://stackoverflow.com/questions/58717631/trust-establishment-of-iot-device-in-private-blockchain
Doc109,0,0.42,0,0,0.07,0.07,0,0.39,0.05,0,1,https://stackoverflow.com/questions/58714243/using-docker-to-setup-tendermint-testnet-and-establishing-communication-between
Doc110,0.08,0,0,0,0,0.1,0.42,0.34,0,0.06,6,https://stackoverflow.com/questions/58699845/is-it-secure-to-use-web3-library-into-client-fronted-application
Doc111,0,0,0,0.62,0.27,0,0,0,0.1,0,3,https://stackoverflow.com/questions/58691954/sort-filed-is-not-working-in-golang-chaincode-of-hyperledger-fabric
Doc112,0.1,0,0,0,0,0.15,0,0,0.75,0,8,https://stackoverflow.com/questions/58610741/how-to-restrict-access-to-peer-chaincode-upgrade-to-specific-organisation
Doc113,0,0,0,0.33,0,0,0,0.06,0,0.61,9,https://stackoverflow.com/questions/58608285/getting-a-list-of-keys-from-block-0
Doc114,0,0,0,0.43,0,0.07,0.22,0,0,0.27,3,https://stackoverflow.com/questions/58597560/fetch-sender-details-for-bitcoin-transaction
Doc115,0.07,0,0,0.85,0,0,0,0.05,0,0.03,3,https://stackoverflow.com/questions/58587240/bitcoin-in-bigquery-blockchain-analytics-on-public-data-wrong-ommited-results
Doc116,0.22,0,0.38,0,0,0,0,0,0,0.39,9,https://stackoverflow.com/questions/58576860/how-confidentiality-between-2-identities-belonging-to-same-node-but-sharing-data
Doc117,0,0,0.3,0,0,0,0.68,0,0,0,6,https://stackoverflow.com/questions/58573316/smart-contract-dataset-on-blocckhain
Doc118,0,0,0,0,0.83,0,0,0.15,0,0,4,https://stackoverflow.com/questions/58572297/npm-unable-to-install-scrypt-node-gyp-rebuild
Doc119,0.44,0,0,0.41,0.02,0,0.12,0,0,0,0,https://stackoverflow.com/questions/58570902/how-to-store-a-hash-of-some-data-in-a-currently-publicly-available-blockchain
Doc120,0,0.31,0.33,0,0.02,0,0,0,0.34,0,8,https://stackoverflow.com/questions/58556812/how-many-chaincodes-are-required-for-3-organizations-hyperledger-network
Doc121,0,0,0.29,0,0,0.28,0.41,0,0,0,6,https://stackoverflow.com/questions/58550759/how-to-create-an-account-with-a-specific-private-key
Doc122,0,0,0,0.19,0.11,0.12,0.29,0,0,0.29,6,https://stackoverflow.com/questions/58550296/why-is-transaction-marked-as-invalid
Doc123,0.17,0.02,0,0,0,0.11,0,0.7,0,0,7,https://stackoverflow.com/questions/58530712/sia-daemon-api-connection-refused
Doc124,0,0,0,0.08,0.13,0,0.31,0,0,0.47,9,https://stackoverflow.com/questions/58519310/what-might-be-the-cause-for-a-transaction-that-doesnt-go-through-in-volta-testn
Doc125,0.08,0,0.4,0,0,0,0,0,0.43,0.09,8,https://stackoverflow.com/questions/58505221/restrict-access-to-channel-to-selected-users-within-organization
Doc126,0,0,0.24,0.27,0,0.12,0.12,0,0,0.24,3,https://stackoverflow.com/questions/58503793/how-do-i-check-whether-there-is-amount-of-money-in-monero-wallet-using-json-rpc
Doc127,0,0,0,0,0,0,0.99,0,0,0,6,https://stackoverflow.com/questions/58492605/callling-deployed-contract-xyz-public-payable-function-from-deployed-contract-ab
Doc128,0.51,0.07,0,0,0,0.13,0.04,0,0.23,0.03,0,https://stackoverflow.com/questions/58487129/how-to-organize-nodes-of-the-hyperledger-fabrik-network
Doc129,0,0.35,0,0,0,0,0,0,0.55,0.08,8,https://stackoverflow.com/questions/58475858/how-to-add-an-endorsing-peer-in-hyperledger-fabric
Doc130,0.55,0,0,0,0,0,0,0,0.43,0,0,https://stackoverflow.com/questions/58469653/malicious-actors-in-hyperledger-fabric
Doc131,0.02,0.68,0,0,0,0.07,0,0,0.18,0.05,1,https://stackoverflow.com/questions/58452379/choose-only-endorsing-peers-when-performing-query-transaction-node-sdk
Doc132,0,0.16,0,0,0,0,0,0.26,0.57,0,8,https://stackoverflow.com/questions/58449815/rpc-error-code-unavailable-desc-transport-is-closing
Doc133,0,0.45,0,0,0,0,0,0,0.55,0,8,https://stackoverflow.com/questions/58446720/panic-unable-to-bootstrap-orderer-error-reading-genesis-block-file-open-etc
Doc134,0.14,0.53,0,0,0.23,0,0.1,0,0,0,1,https://stackoverflow.com/questions/58438580/how-to-set-environment-variables-for-ethereum-indexer-using-git-bash
Doc135,0,0.06,0,0.37,0,0.27,0.29,0,0,0,3,https://stackoverflow.com/questions/58436940/error-invalid-tuple-value-with-post-or-get-using-web3-js
Doc136,0.09,0,0.68,0,0.17,0,0,0,0.06,0,2,https://stackoverflow.com/questions/58425431/what-is-slot-in-blockchain
Doc137,0,0,0,0.22,0.18,0,0,0,0,0.59,9,https://stackoverflow.com/questions/58258635/how-satoshi-is-programmed
Doc138,0.36,0,0.09,0.54,0,0,0,0,0,0,3,https://stackoverflow.com/questions/58257723/amount-based-sorting
Doc139,0,0,0,0.13,0,0,0.01,0,0.87,0,8,https://stackoverflow.com/questions/58252316/cant-go-through-writing-your-first-application-tutorial-with-java-chaincode-wit
Doc140,0,0.22,0,0,0,0,0,0.19,0.58,0,8,https://stackoverflow.com/questions/58251106/error-while-starting-fabric-network-1-4-ailed-to-create-deliver-client-ordere
Doc141,0.42,0,0,0,0,0,0.04,0.53,0,0,7,https://stackoverflow.com/questions/58229644/in-corda-flow-tests-how-to-get-the-modularized-cordapps-assigned-only-to-the-re
Doc142,0,0,0,0.55,0,0,0,0,0.13,0.31,3,https://stackoverflow.com/questions/58224505/can-we-customize-the-transaction-type-or-prepend-some-code-format-to-block-in-th
Doc143,0,0.19,0.36,0,0.05,0,0,0.2,0.14,0.05,2,https://stackoverflow.com/questions/58216083/the-business-network-didnt-upgrade-on-ibm-cloud
Doc144,0,0,0,0,0.24,0,0.17,0.22,0.03,0.34,9,https://stackoverflow.com/questions/58211870/error-only-support-send-transaction-with-ipc-when-create-a-transaction-in-tomo
Doc145,0,0,0.26,0,0,0.48,0.08,0.16,0,0,5,https://stackoverflow.com/questions/58204671/do-i-need-an-account-or-api-key-to-use-ipfs
Doc146,0,0,0,0.59,0,0,0.41,0,0,0,3,https://stackoverflow.com/questions/58196689/insufficient-funds-for-gas-price-value-in-java-error
Doc147,0.85,0,0,0,0,0,0,0,0,0.14,0,https://stackoverflow.com/questions/58194060/what-did-permissioned-blockchain-solve
Doc148,0,0,0,0,0.36,0,0,0.63,0,0,7,https://stackoverflow.com/questions/58181861/how-to-run-corda-nodes-individually-without-running-runnodes
Doc149,0.03,0,0.04,0,0.07,0,0.19,0.62,0,0.05,7,https://stackoverflow.com/questions/58165772/error-while-connecting-to-local-ganache-instance-with-web3-js
Doc150,0,0,0,0.38,0,0,0.07,0.54,0,0,7,https://stackoverflow.com/questions/58161862/net-corda-serialization-internal-amqp-illegalcustomserializerexception-during-th
Doc151,0,0.08,0,0,0,0,0.04,0.86,0,0,7,https://stackoverflow.com/questions/58157809/aws-blockchain-template-error-on-stack-creation
Doc152,0,0,0,0,0,0,0.29,0.19,0,0.52,9,https://stackoverflow.com/questions/58154997/parallel-transaction-blockchaon-causing-replacement-error-or-nonce-too-low-error
Doc153,0,0.1,0,0,0,0,0,0.41,0,0.47,9,https://stackoverflow.com/questions/58147607/where-is-the-request-from-light-client-sent-to-in-blockchain-network
Doc154,0,0,0,0,0,0,0,0,1,0,8,https://stackoverflow.com/questions/58142379/hyperledger-fabric-version-1-4-the-tutorials-section-writing-your-first-applic
Doc155,0,1,0,0,0,0,0,0,0,0,1,https://stackoverflow.com/questions/58116969/hyperledger-explorer-not-all-peers-are-shown-in-explorer
Doc156,0,0.08,0,0,0,0,0,0.76,0.14,0,7,https://stackoverflow.com/questions/58111892/what-are-the-advantages-of-hyperledger-fabric-over-client-server-model
Doc157,0,0,0.09,0,0.07,0,0,0,0.22,0.62,9,https://stackoverflow.com/questions/58099298/can-i-use-hyperledger-fabric-for-real-time-application
Doc158,0,0.24,0,0,0,0,0,0,0.76,0,8,https://stackoverflow.com/questions/58096949/in-byfn-for-hyperledger-fabric-which-files-we-need-to-update-the-name-of-org-i
Doc159,0.04,0.42,0.3,0,0,0,0,0,0.11,0.13,1,https://stackoverflow.com/questions/58095705/reconnection-of-sawtooth-validator-after-loosing-network
Doc160,0.13,0.02,0.46,0,0,0,0.09,0.3,0,0,2,https://stackoverflow.com/questions/58093991/does-the-crypto-wallet-exodus-reveal-your-ip-address
Doc161,0,0,0,0.02,0.8,0,0,0,0.16,0,4,https://stackoverflow.com/questions/58090376/how-to-use-proguard-with-hyperledger-iroha
Doc162,0,0.08,0,0,0.4,0.26,0,0.25,0,0,4,https://stackoverflow.com/questions/58082870/sawtooth-supply-chain-bin-sh-1-bin-splice-json-permission-denied
Doc163,0,0,0,0,0.08,0,0.81,0.1,0,0,6,https://stackoverflow.com/questions/58071723/issue-deploying-smart-contract-from-remix-to-azure-blockchain-error
Doc164,0,0,0.32,0,0,0,0.58,0,0,0.09,6,https://stackoverflow.com/questions/58069633/exchange-erc20-token-with-other-erc20-token
Doc165,0,0,0,0,0.32,0.2,0.46,0,0,0,6,https://stackoverflow.com/questions/58063062/truffle-suite-with-typeerror-soljson-cwrap-is-not-a-function
Doc166,0,0,0,0,0,0,0.94,0,0,0.05,6,https://stackoverflow.com/questions/58060579/sending-ether-from-one-account-to-other-account
Doc167,0,0,0.31,0,0.39,0,0,0,0.29,0,4,https://stackoverflow.com/questions/58038301/createpeeradmincard-sh-not-taking-full-path
Doc168,0,0,0,0,0.48,0,0.22,0.17,0,0.12,4,https://stackoverflow.com/questions/58007404/how-can-we-deploy-our-updated-new-cordapp-on-running-node-without-stopping-node
Doc169,0,0.11,0,0,0.03,0,0,0.04,0,0.81,9,https://stackoverflow.com/questions/57992487/how-to-search-a-specific-transaction-in-all-blocks-quickly
Doc170,0.54,0,0.09,0,0,0,0,0,0,0.37,0,https://stackoverflow.com/questions/57970328/the-concept-of-building-a-blockchain-app-without-transaction
Doc171,0.08,0,0,0.78,0,0,0.04,0,0.1,0,3,https://stackoverflow.com/questions/57963494/when-writing-chaincode-on-fabric-am-i-limited-to-the-functions-defined-by-the-c
Doc172,0.12,0,0,0.3,0.07,0,0.35,0,0,0.14,6,https://stackoverflow.com/questions/57954560/how-to-get-sender-bitcoin-address-from-transaction-id
Doc173,0.43,0,0.38,0,0,0.12,0.06,0,0,0,0,https://stackoverflow.com/questions/57953918/create-an-azure-blockchain-workbench-resource-in-ad-b2c-not-in-ad
Doc174,0,1,0,0,0,0,0,0,0,0,1,https://stackoverflow.com/questions/57950250/how-to-add-new-consortium-to-existing-running-network-hyperledger-fabric
Doc175,0.78,0,0,0,0,0,0.21,0,0,0,0,https://stackoverflow.com/questions/57946086/adding-and-retrieving-data-into-from-blockchain-via-web-interfaces
Doc176,0,0,0,0.14,0.39,0,0,0,0.46,0,8,https://stackoverflow.com/questions/57941472/not-able-to-install-fabric-sdk-go-and-its-dependencies
Doc177,0,0.03,0.26,0.06,0.64,0,0,0,0,0,4,https://stackoverflow.com/questions/57940422/hyperledger-composerattempt-to-get-property-owner-on-an-invalidrelationship-is
Doc178,0,0.42,0,0,0,0,0,0,0.57,0,8,https://stackoverflow.com/questions/57932369/error-removing-peer1-from-org1-on-byfn-are-there-more-files-to-change-from-byfn
Doc179,0,0.23,0,0.04,0.14,0,0,0,0.41,0.18,8,https://stackoverflow.com/questions/57918819/timeout-expiry-while-executing-a-heavy-transaction-in-chaicode-of-hyperledger-fa
Doc180,0.18,0,0.38,0.2,0,0,0.04,0,0,0.2,2,https://stackoverflow.com/questions/57911721/how-are-blockchain-keypair-private-keys-hidden-from-miners-and-how-are-they-gen
Doc181,0.65,0,0.11,0,0,0,0,0.05,0,0.19,0,https://stackoverflow.com/questions/57879122/how-to-ensure-that-transactions-with-mobile-sensor-data-are-authentic-in-a-decen
Doc182,0,0,0.11,0,0,0.57,0,0,0.3,0,5,https://stackoverflow.com/questions/57873378/can-anyone-explain-exactly-what-is-the-difference-of-words-below-in-hyperledger
Doc183,0.3,0.09,0,0,0,0.12,0,0,0.36,0.13,8,https://stackoverflow.com/questions/57865333/how-organizations-can-communicate-privately-with-each-other-on-same-channel-with
Doc184,0.67,0,0,0.01,0,0,0,0,0.31,0,0,https://stackoverflow.com/questions/57864334/how-to-prevent-third-party-to-seeing-the-data-on-same-channel-in-hyperledger-fab
Doc185,0,0.02,0,0.48,0.04,0,0.33,0.08,0,0.04,3,https://stackoverflow.com/questions/57835680/comptablity-of-web3j-with-infura
Doc186,0.77,0,0,0,0,0,0.06,0.03,0,0.13,0,https://stackoverflow.com/questions/57820369/is-there-a-way-to-restrict-the-transaction-data-the-corda-rpc-users-can-view-wit
Doc187,0,0,0.08,0,0.04,0,0.27,0.19,0,0.41,9,https://stackoverflow.com/questions/57816444/how-many-addressed-can-be-added-to-a-bitcoin-full-node
Doc188,0,0,0.31,0,0,0,0.19,0.2,0,0.29,2,https://stackoverflow.com/questions/57797091/how-to-get-utxos-and-transactions-related-to-a-specific-address-without-using-bi
Doc189,0.2,0.03,0,0,0,0,0.55,0.2,0,0,6,https://stackoverflow.com/questions/57792691/why-is-no-callable
Doc190,0.17,0,0,0.43,0,0,0.39,0,0,0,3,https://stackoverflow.com/questions/57760940/i-call-smartcontract-token-erc20-why-show-hashing-output
Doc191,0,0,0,0,0,0,0,0.3,0.61,0.07,8,https://stackoverflow.com/questions/57771146/how-to-solve-this-error-blockchain-chaincode
Doc192,0,0,0,0,0.43,0,0,0.1,0.45,0,8,https://stackoverflow.com/questions/57754764/getting-error-while-instantiating-the-chaincode-on-the-peer
Doc193,0,0,0,0.7,0,0,0.3,0,0,0,3,https://stackoverflow.com/questions/57746088/what-is-the-replacement-function-for-contract-at-in-web3-js-for-including-a-cont
Doc194,0,0,0,0.57,0,0,0,0,0,0.43,3,https://stackoverflow.com/questions/57744810/blockchain-in-c-sharp-hash-value-doesnt-change-despite-of-changing-transactio
Doc195,0,0.32,0,0,0,0.17,0,0,0.5,0,8,https://stackoverflow.com/questions/57742651/how-can-i-remove-a-peer-and-organization-from-byfn
Doc196,0,0.59,0,0,0.07,0,0,0.13,0.21,0,1,https://stackoverflow.com/questions/57729363/failed-to-connect-before-the-deadline
Doc197,0.11,0.09,0.46,0.03,0,0,0,0.08,0.23,0,2,https://stackoverflow.com/questions/57722985/how-to-manage-user-authentication-for-hyperledger-using-msp-and-fabric-ca-client
Doc198,0.71,0,0,0,0.16,0,0.03,0,0,0.09,0,https://stackoverflow.com/questions/57706788/how-to-build-the-seamless-bridge-between-two-blockchain-platform
Doc199,0.01,0,0,0,0,0,0,0.23,0.76,0,8,https://stackoverflow.com/questions/57690246/cannot-query-or-do-transaction-on-hyperledger-fabric
Doc200,0.33,0,0.27,0,0,0.03,0,0.07,0,0.3,0,https://stackoverflow.com/questions/57688806/basic-approach-for-bondtrading-with-corda
Doc201,0,0,0,0,0,0,0,0,0,1,9,https://stackoverflow.com/questions/57601082/in-bitcoin-how-do-i-calculate-the-probability-for-the-latest-n-block-s-to-be-wr
Doc202,0.12,0,0.16,0.1,0,0,0.61,0,0,0,6,https://stackoverflow.com/questions/57600098/creating-aion-accounts-with-the-intellij-maven-plugins
Doc203,0,0,0,0.54,0,0,0.38,0,0,0.07,3,https://stackoverflow.com/questions/57580702/how-to-call-a-smart-contract-function-using-python-and-web3-py
Doc204,0,0,0,0.32,0.15,0,0.29,0,0,0.23,3,https://stackoverflow.com/questions/57579421/detect-reverted-transaction-in-web3-py
Doc205,0,0,0,0,0.06,0,0,0.17,0,0.77,9,https://stackoverflow.com/questions/57569163/overflowing-mempool-during-sending-a-lot-of-transaction
Doc206,0,0,0,0.2,0.09,0,0.54,0.16,0,0,6,https://stackoverflow.com/questions/57553623/metamask-connecting-to-private-blockchain-using-custom-rpc-but-balance-not-updat
Doc207,0.56,0,0.25,0,0,0.17,0,0,0,0,0,https://stackoverflow.com/questions/57552647/how-to-configure-private-blockchain-using-bigchaindb-is-it-possible
Doc208,0.32,0,0,0.5,0.05,0,0,0,0,0.12,3,https://stackoverflow.com/questions/57547998/getting-typeerror-cannot-set-property-data-of-undefined
Doc209,0,0,0.48,0,0,0,0,0.3,0,0.21,2,https://stackoverflow.com/questions/57546672/how-to-make-mobile-wallet-with-my-own-coin
Doc210,0.12,0,0,0,0,0.6,0,0.26,0,0,5,https://stackoverflow.com/questions/57541059/progress-bar-with-blockstack-gaia-storage-api
Doc211,0.11,0,0,0.04,0,0.12,0.62,0,0,0.1,6,https://stackoverflow.com/questions/57539683/truffle-migration-takes-too-much-time
Doc212,0.11,0,0,0,0,0,0,0,0,0.89,9,https://stackoverflow.com/questions/57538131/transaction-in-a-blockchain
Doc213,0.52,0,0.05,0.3,0,0,0,0.13,0,0,0,https://stackoverflow.com/questions/57536809/how-to-dynamically-pass-an-argument-to-a-function-being-called-by-a-logic-app-wi
Doc214,0,0,0,0,0.33,0.29,0.17,0.2,0,0,4,https://stackoverflow.com/questions/57534021/migration-run-out-of-gas
Doc215,0,0,0,0.3,0,0.11,0.59,0,0,0,6,https://stackoverflow.com/questions/57523722/how-do-i-create-an-ethereum-hd-wallet-implementation-with-nethereum
Doc216,0,0.42,0,0,0,0,0.06,0,0.51,0,8,https://stackoverflow.com/questions/57522341/installing-hyperledger-fabric-peers-on-virtual-machine
Doc217,0.27,0,0,0,0,0,0.31,0,0,0.41,9,https://stackoverflow.com/questions/57521439/can-i-send-xrp-to-multiple-addresses
Doc218,0,0.15,0,0,0.28,0,0.06,0,0.45,0.06,8,https://stackoverflow.com/questions/57515439/aws-managed-blockchain-hyperledger-fabric-error-could-not-assemble-transactio
Doc219,0.59,0.07,0.2,0,0,0,0.11,0,0.02,0,0,https://stackoverflow.com/questions/57514080/where-to-find-the-private-key-of-a-member-in-azure-blockchain-service
Doc220,0,0,0,0,0.78,0.16,0.06,0,0,0,4,https://stackoverflow.com/questions/57423849/how-to-fix-errors-while-creating-a-new-solidity-project-in-azure-blockcahin-visu
Doc221,0,0,0,0.03,0,0.11,0.23,0.16,0,0.48,9,https://stackoverflow.com/questions/57422470/how-can-i-send-transaction-with-no-gas-fee-on-private-chain
Doc222,0,0,0,0,0,0,0,0,0,0.99,9,https://stackoverflow.com/questions/57418188/what-does-happen-to-entire-blockchain-when-a-single-block-modified
Doc223,0.13,0,0.61,0,0,0,0,0,0.25,0,2,https://stackoverflow.com/questions/57404505/regarding-the-identity-of-user-and-admin
Doc224,0,0,0,0.8,0,0,0,0,0,0.19,3,https://stackoverflow.com/questions/57402476/items-appended-to-objects-list-append-to-every-objects-list
Doc225,0.03,0,0,0.39,0,0.04,0.3,0.09,0,0.14,3,https://stackoverflow.com/questions/57393050/no-truffle-error-number-can-only-safely-store-up-to-53-bits
Doc226,0,0,0,0,0.48,0.14,0,0.3,0.07,0,4,https://stackoverflow.com/questions/57391971/missing-tendermint-libs-db-when-updating-to-new-version-of-cosmos-sdk
Doc227,0,0,0.08,0.12,0.09,0,0,0.17,0.53,0,8,https://stackoverflow.com/questions/57389935/how-do-i-run-the-same-command-via-node-js-fabric-ca-client-module
Doc228,0.33,0.27,0,0,0,0,0.04,0.04,0.02,0.3,0,https://stackoverflow.com/questions/57388173/is-there-any-possibility-to-add-multiple-peers-in-corda
Doc229,0,0,0.05,0.49,0.11,0,0,0,0,0.35,3,https://stackoverflow.com/questions/57384959/how-to-sort-an-array-in-hyperledger-fabric
Doc230,0.61,0.13,0.03,0,0,0,0,0,0.22,0,0,https://stackoverflow.com/questions/57374645/how-to-secure-hyperledger-fabric-state-database
Doc231,0,0,0,0.99,0,0,0,0,0,0,3,https://stackoverflow.com/questions/57357129/how-do-i-decode-a-private-key-generated-with-nethereum-converted-asbytes-tohe
Doc232,0.02,0,0,0.71,0,0.07,0.19,0,0,0,3,https://stackoverflow.com/questions/57354628/error-on-deploying-smart-contract-for-azure-blockchain-workbench
Doc233,0,0,0.46,0,0,0.23,0.09,0,0,0.21,2,https://stackoverflow.com/questions/57344128/solidity-uses-with-technology-to-write-code
Doc234,0,0,0,0.8,0,0.2,0,0,0,0,3,https://stackoverflow.com/questions/57353932/sorting-an-array-of-objects-for-a-blockchain-like-data-structure
Doc235,0,0,0,0,0,0,0,0,0,0.99,9,https://stackoverflow.com/questions/57340072/what-if-a-block-size-limit-in-a-certain-blockchain-is-exceeded-and-a-new-block-i
Doc236,0,0,0,0.13,0.27,0.06,0.49,0.02,0,0.02,6,https://stackoverflow.com/questions/57324912/how-to-deploy-factory-contract-with-solidity-0-5-0-on-node-js
Doc237,0.81,0,0,0,0,0,0,0,0.04,0.15,0,https://stackoverflow.com/questions/57322002/what-is-the-benefit-of-non-fault-tolerance-blockchain-network
Doc238,0.3,0,0,0.41,0,0,0,0,0,0.29,3,https://stackoverflow.com/questions/57318953/rocksdb-multiple-values-per-key-c
Doc239,0.13,0.02,0.11,0,0,0.32,0,0,0.09,0.32,5,https://stackoverflow.com/questions/57312319/what-are-the-files-that-require-backup-ledger-in-sawtooth-validator
Doc240,0.02,0,0.25,0.06,0,0,0.54,0,0,0.13,6,https://stackoverflow.com/questions/57307463/how-to-create-bitcoin-wallet-from-mnemonics-using-bitcoinj-walletappkit-in-and
Doc241,0,0.1,0,0.07,0.22,0,0.32,0.09,0.2,0,6,https://stackoverflow.com/questions/57284233/hyperledger-fabric-rest-api-to-smart-contract
Doc242,0,0.04,0.17,0,0,0,0,0,0,0.78,9,https://stackoverflow.com/questions/57270164/find-out-the-number-of-validators-of-a-transaction-if-i-have-its-transaction-has
Doc243,0,0,0.14,0.08,0,0,0,0,0,0.77,9,https://stackoverflow.com/questions/57264161/how-to-get-history-in-a-date-range-by-given-key
Doc244,0.78,0,0,0,0,0,0,0,0,0.21,0,https://stackoverflow.com/questions/57249243/blockchain-implementation-in-iot-environment
Doc245,0,0,0,0,0,0,0,0,0,0.99,9,https://stackoverflow.com/questions/57241778/does-the-transaction-fees-of-a-blockchain-increase-only-after-the-total-size-of
Doc246,0.09,0,0,0,0.09,0,0,0,0,0.82,9,https://stackoverflow.com/questions/57240931/why-a-blockchain-network-slows-down-as-the-block-size-reaches-its-limit
Doc247,0,0,0.47,0.39,0,0,0,0,0.04,0.09,2,https://stackoverflow.com/questions/57240808/generate-private-key-from-seed
Doc248,0.97,0,0,0,0,0,0,0,0,0,0,https://stackoverflow.com/questions/57238639/is-it-possible-to-use-blockchain-with-realm-database-for-a-android-app
Doc249,0,0,0.44,0.49,0,0,0.06,0,0,0,3,https://stackoverflow.com/questions/57237176/c-binary-code-after-compilation-to-evm-bytecode-conversion
Doc250,0,0,0,0,0.21,0,0,0.2,0.58,0,8,https://stackoverflow.com/questions/57217224/gradle-compile-failed-could-not-find-com-github-everit-org-json-schemaorg-ever
Doc251,0,0.05,0,0.94,0,0,0,0,0,0,3,https://stackoverflow.com/questions/57200685/how-to-convert-tron-address-to-different-format
Doc252,0.3,0,0,0,0.1,0,0,0,0,0.58,9,https://stackoverflow.com/questions/57197672/corda-deletion-of-data-states
Doc253,0,0.7,0,0.18,0.07,0,0,0.05,0,0,1,https://stackoverflow.com/questions/57196569/problem-on-virtualize-hyperledger-network-on-multiple-hosts
Doc254,0,0.29,0.44,0,0,0,0,0.26,0,0,2,https://stackoverflow.com/questions/57085353/referenceerror-org-is-not-defined-when-trying-to-start-the-composer-or-deploy
Doc255,0,0,0,0,0,0.84,0.15,0,0,0,5,https://stackoverflow.com/questions/57075627/how-to-access-the-alice-account-on-a-parity-substrate-developer-chain
Doc256,0.02,0.2,0,0,0.05,0,0.05,0.1,0.37,0.2,8,https://stackoverflow.com/questions/57085294/endorsement-from-multiple-organisations-from-hyperledger-fabric-java-sdk
Doc257,0.57,0,0,0,0,0.3,0.13,0,0,0,0,https://stackoverflow.com/questions/57074076/creating-a-consortium-blockchain-network-using-ethereum
Doc258,0,1,0,0,0,0,0,0,0,0,1,https://stackoverflow.com/questions/57052810/hyperledger-explorer-not-showing-all-peers-in-explorer
Doc259,0,0.01,0,0.31,0,0,0,0.63,0,0.04,7,https://stackoverflow.com/questions/57051035/a-flowlogicref-cannot-be-constructed-for-flowlogic-of-type-com-r3-corda-finance
Doc260,0,0,0,0,0,0,0,0.74,0.25,0,7,https://stackoverflow.com/questions/57044091/issue-creating-a-joint-channel-in-aws-managed-blockchain-getting-failed-to-cre
Doc261,0.39,0,0.56,0,0,0,0.05,0,0,0,2,https://stackoverflow.com/questions/57038307/how-to-retrieve-data-from-state-address-validate-from-sawtooth
Doc262,0,0,0.05,0,0,0,0,0,0,0.94,9,https://stackoverflow.com/questions/57036938/how-is-it-possible-for-a-hyperledger-sawtooth-transaction-to-exist-in-multipl
Doc263,0,0.04,0.02,0,0,0,0.58,0,0,0.35,6,https://stackoverflow.com/questions/57033817/how-to-send-receive-bitcoin-using-bitcoinjs-lib
Doc264,0.59,0,0,0.22,0,0,0.18,0,0,0,0,https://stackoverflow.com/questions/57018803/search-record-in-a-smart-contract-based-on-multiple-attributes
Doc265,0,0.1,0,0,0,0,0.4,0.13,0,0.37,6,https://stackoverflow.com/questions/57014416/how-can-i-mine-ethereum-with-several-pcs
Doc266,0,0,0.1,0,0.31,0.07,0.22,0.29,0,0,4,https://stackoverflow.com/questions/57014066/dont-understand-this-importerror-while-running-my-script
Doc267,0,0,0,0,0.25,0,0,0.59,0.15,0,7,https://stackoverflow.com/questions/57000800/how-to-install-full-node-setup-for-cardano-ada-coin
Doc268,0,0,0,0,0.69,0.19,0.12,0,0,0,4,https://stackoverflow.com/questions/56990393/azure-blockchain-build-contracts-command-in-vs-code-gives-an-error
Doc269,0,0,0.14,0,0,0,0,0,0,0.85,9,https://stackoverflow.com/questions/56980463/how-do-unsigned-transactions-propagate-when-network-compromised
Doc270,0.15,0.06,0,0.21,0.14,0,0,0,0.43,0,8,https://stackoverflow.com/questions/56980085/how-to-add-collection-config-in-fabric-sdk-go
Doc271,0,0,0.12,0.12,0,0.62,0,0,0,0.13,5,https://stackoverflow.com/questions/56978731/is-there-a-reason-to-use-generic-traits-over-specific-types-in-substrate
Doc272,0.11,0,0.13,0.12,0,0.29,0.07,0.27,0,0,5,https://stackoverflow.com/questions/56961242/issues-during-implementation-of-custom-eth-settler
Doc273,0,0.05,0.09,0,0.18,0.3,0.23,0.15,0,0,5,https://stackoverflow.com/questions/56954989/unable-to-deploy-contract-in-quorumtruffle
Doc274,0.64,0,0,0,0,0,0.05,0,0,0.31,0,https://stackoverflow.com/questions/56948652/a-few-questions-about-the-blockchain-and-smart-contracts
Doc275,0,0.2,0.14,0.22,0.02,0,0,0,0,0.42,9,https://stackoverflow.com/questions/56944097/how-do-i-know-which-peer-did-the-transaction-in-hyperledger-fabric-go
Doc276,0,0,0.21,0,0.51,0,0.21,0,0,0.06,4,https://stackoverflow.com/questions/56938833/ibm-blockchain-platform-error-creating-smart-contract
Doc277,0.14,0.31,0.17,0.34,0.01,0,0,0,0.03,0,3,https://stackoverflow.com/questions/56926124/sample-code-for-adding-data-and-querying-from-private-collection
Doc278,0,0,0,0,0.02,0,0,0.98,0,0,7,https://stackoverflow.com/questions/56920568/corda-node-does-not-start-and-giving-error-failure-in-initialisation-errorcode-1
Doc279,0.83,0,0.11,0,0,0,0.06,0,0,0,0,https://stackoverflow.com/questions/56915366/blockchain-data-structure
Doc280,0,0,0.2,0.32,0,0.15,0.31,0,0,0,3,https://stackoverflow.com/questions/56887322/is-it-possible-to-generate-wallet-in-the-waves-blockchain-network-with-api-node
Doc281,0,0,0,0,0.22,0,0,0,0.15,0.62,9,https://stackoverflow.com/questions/56872663/unusual-behaviour-of-batches-block-in-hyperledger-sawtooth
Doc282,0,1,0,0,0,0,0,0,0,0,1,https://stackoverflow.com/questions/56871941/error-while-sending-query-request-from-client-no-peer-available-to-query
Doc283,0.38,0,0,0,0,0.22,0,0,0,0.39,9,https://stackoverflow.com/questions/56859352/protocol-stack-of-a-blockchain-based-network
Doc284,0.23,0,0.22,0.1,0,0,0.03,0,0,0.42,9,https://stackoverflow.com/questions/56854508/get-transaction-details-amount-gas-price-gas-limit-from-signed-transaction
Doc285,0,0,0,0,0,0.79,0.07,0,0,0.13,5,https://stackoverflow.com/questions/56848720/what-does-private-config-tm-ipc-mean-and-how-to-generate-tm-ipc-file
Doc286,0,0,0.62,0,0.13,0,0,0,0.23,0,2,https://stackoverflow.com/questions/56834454/wants-to-deploy-chaincode-written-in-golang-to-aws-cloud
Doc287,0,0.02,0,0.14,0.18,0,0,0.28,0.23,0.14,7,https://stackoverflow.com/questions/56831598/error-while-executing-transactions-in-hyperledger-fabric
Doc288,0.6,0,0.03,0,0.07,0,0,0,0,0.29,0,https://stackoverflow.com/questions/56777965/is-double-spending-a-problem-to-all-blockchain-or-just-to-crypto-currency-blockc
Doc289,0,0,0,0,0,0,0,0.99,0,0,7,https://stackoverflow.com/questions/56766253/unable-to-understand-bgchaindb-behaviour
Doc290,0,0,0.34,0,0.28,0,0,0.37,0,0,7,https://stackoverflow.com/questions/56752354/no-main-manifest-attribute-found-in-corda-standalone-shell-jar-of-corda-enterpri
Doc291,0,0,0,0,0.33,0.18,0.37,0,0,0.12,6,https://stackoverflow.com/questions/56749867/migrations-run-out-of-gas
Doc292,0,0,0,0,0,0,0,0.16,0.71,0.12,8,https://stackoverflow.com/questions/56735065/chaincode-is-instantiated-but-doesnt-appear-in-the-list-of-instantiated-codes
Doc293,0,0.37,0,0,0,0,0,0.16,0.2,0.27,1,https://stackoverflow.com/questions/56733371/how-does-a-sdk-client-of-one-org-send-transaction-request-to-another-org-endorsi
Doc294,0,0,0.28,0,0.11,0.6,0,0,0,0,5,https://stackoverflow.com/questions/56705298/how-can-i-look-at-the-final-code-generated-by-the-macros-in-parity-substrate
Doc295,0,0,0,0.28,0.1,0,0,0.1,0.52,0,8,https://stackoverflow.com/questions/56721029/hyperledger-fabric-function-renaming-leads-to-error
Doc296,0,0,0.08,0.05,0,0.82,0,0,0,0.05,5,https://stackoverflow.com/questions/56699795/what-order-is-on-initialize-invoked-across-different-modules-in-a-substrate-ru
Doc297,0,0,0.02,0,0.9,0,0,0,0,0.06,4,https://stackoverflow.com/questions/56698721/bigchaindb-driver-not-found-in-node-modules
Doc298,0,0,0,0,0,0,0,0,1,0,8,https://stackoverflow.com/questions/56681898/error-when-trying-to-generate-genesis-block-for-raft
Doc299,0,0.06,0,0.14,0.13,0,0,0,0.61,0.06,8,https://stackoverflow.com/questions/56681526/how-to-update-the-chaincode-in-hyperledger-fabric
Doc300,0,0,0,0.74,0,0,0.01,0.18,0,0.07,3,https://stackoverflow.com/questions/56671396/dom-not-updating-during-long-function
Doc301,0.16,0,0.63,0,0,0,0.2,0,0,0,2,https://stackoverflow.com/questions/56667628/can-hyperledger-and-ethereum-can-be-connected-for-transferring-data-or-asset-bet
Doc302,0,0,0.22,0,0,0.08,0.69,0,0,0,6,https://stackoverflow.com/questions/56665252/unable-to-deposit-tokens-in-to-smart-contract
Doc303,0.39,0.14,0,0,0,0.27,0,0,0.2,0,0,https://stackoverflow.com/questions/56662380/how-to-manage-off-chain-data-using-hyperledger-fabric
Doc304,0,0,0.57,0,0.37,0,0.05,0,0,0,2,https://stackoverflow.com/questions/56650371/is-move-a-turing-complete-language
Doc305,0.04,0,0.32,0.12,0.04,0,0.03,0.16,0,0.29,2,https://stackoverflow.com/questions/56648230/dynamically-adding-participants-to-state-in-corda-4-0
Doc306,0.39,0,0,0,0,0.6,0,0,0,0,5,https://stackoverflow.com/questions/56641282/permissioned-blockchain-and-network-nodes
Doc307,0,0,0,0.39,0,0,0,0,0.34,0.26,3,https://stackoverflow.com/questions/56631153/does-hyperledger-fabric-broadcast-events-multiple-times-per-peer
Doc308,0.44,0,0.3,0.01,0,0,0.19,0,0,0.05,0,https://stackoverflow.com/questions/56624760/is-there-any-way-to-validate-something-not-related-to-cryptocurrency-through-bl
Doc309,0,0,0,0.24,0,0,0.29,0,0,0.46,9,https://stackoverflow.com/questions/56619303/regex-validation-for-ethereum-signed-transaction-raw
Doc310,0,0.2,0,0.17,0.17,0,0.37,0,0,0.09,6,https://stackoverflow.com/questions/56616396/unit-test-error-with-mocha-timeout-of-20000ms-exceeded
Doc311,0.79,0.1,0,0,0,0.04,0,0,0,0.07,0,https://stackoverflow.com/questions/56599038/should-i-put-my-blockchain-behind-an-api
Doc312,0.29,0,0,0,0,0.48,0.1,0.13,0,0,5,https://stackoverflow.com/questions/56584316/how-can-i-share-my-ganache-workspace-with-someone-else
Doc313,0.32,0,0.12,0.38,0,0,0,0,0,0.17,3,https://stackoverflow.com/questions/56583249/how-many-bitcoins-were-transferred-from-one-wallet-to-another
Doc314,0,0,0,0.71,0,0,0.29,0,0,0,3,https://stackoverflow.com/questions/56505629/solidity-how-to-initialise-a-fix-array-from-a-single-value
Doc315,0.18,0.45,0,0,0.11,0.26,0,0,0,0,1,https://stackoverflow.com/questions/56495827/creating-a-internal-private-network-using-public-corda-v4-0
Doc316,0.15,0.19,0,0,0,0,0,0,0.05,0.61,9,https://stackoverflow.com/questions/56494539/does-every-member-in-hyperledger-fabric-network-have-their-own-copy-state-databa
Doc317,0,0,0,0,0.18,0.05,0.32,0,0,0.44,9,https://stackoverflow.com/questions/56494475/where-are-internal-transactions-recorded-on-the-blockchain
Doc318,0.32,0,0,0.39,0.13,0,0,0,0,0.15,3,https://stackoverflow.com/questions/56476635/how-to-receive-only-the-transactions-about-particular-set-of-addresses-from-bloc
Doc319,0,0,0,0,0,0.05,0,0.1,0,0.84,9,https://stackoverflow.com/questions/56465002/electrum-server-method-blockchain-scripthash-subscribe
Doc320,0.01,0.01,0.01,0.01,0.17,0.29,0.5,0.01,0.01,0.01,6,https://stackoverflow.com/questions/56464347/err-contract-creation-code-storage-out-of-gas
Doc321,0,0.19,0,0,0,0.27,0.19,0.29,0.06,0,7,https://stackoverflow.com/questions/56445079/which-port-i-use-when-i-want-to-connect-remix-to-my-local-quorum-network
Doc322,0.35,0,0.04,0.34,0,0,0,0,0.04,0.24,0,https://stackoverflow.com/questions/56439036/master-data-and-transaction-data-relations-in-hyperledger-composer-fabric
Doc323,0,0,0.28,0.28,0,0,0,0,0.23,0.21,2,https://stackoverflow.com/questions/56434330/hyperledger-fabric-implementing-transaction-types-and-configuring-endorsement
Doc324,0.48,0,0,0,0.06,0,0.27,0,0,0.18,0,https://stackoverflow.com/questions/56431347/execute-a-smart-contract-from-outsite-the-block-chain
Doc325,0.45,0,0.04,0,0,0.28,0,0.02,0,0.2,0,https://stackoverflow.com/questions/56426308/blockchain-streaming-and-the-reasons-for-it
Doc326,0,0,0,0,0,0,0,0,0,1,9,https://stackoverflow.com/questions/56420986/what-makes-blocks-in-blockchain-secure-if-we-already-have-the-hash
Doc327,0,0.03,0.53,0,0,0,0.42,0,0,0,2,https://stackoverflow.com/questions/56420858/how-to-connect-chrome-extension-with-webpage-like-metamask
Doc328,0,0,0,0,0.63,0.2,0,0.16,0,0,4,https://stackoverflow.com/questions/56420567/unable-to-delete-file-c-users-corda-settler-manual-cordapp-contracts-state
Doc329,0,0,0,0,0,1,0,0,0,0,5,https://stackoverflow.com/questions/56418100/what-is-the-difference-between-free-balance-reserved-balance-locked-balance-v
Doc330,0.86,0,0,0,0,0,0,0,0.13,0,0,https://stackoverflow.com/questions/56416567/expose-only-a-subset-of-data-to-public-but-keep-other-data-private
Doc331,0,0.01,0.03,0,0,0.09,0.86,0,0,0,6,https://stackoverflow.com/questions/56406923/how-can-i-send-ether-between-two-accounts-in-remix-ide
Doc332,0,0,0,0.99,0,0,0,0,0,0,3,https://stackoverflow.com/questions/56406198/blockcypher-error-non-canonical-signature-wrong-length-marker
Doc333,0,0,0,0.69,0,0,0,0,0,0.31,3,https://stackoverflow.com/questions/56401618/does-bitcoin-js-have-a-method-to-check-unspent-transaction-status
Doc334,0,0,0,0,0,0,0.99,0,0,0,6,https://stackoverflow.com/questions/56397786/how-to-deposit-ether-to-an-account-using-solidity-and-web3
Doc335,0,0,0,0.23,0,0.76,0,0,0,0,5,https://stackoverflow.com/questions/56392875/how-can-i-initialize-a-users-balance-in-a-substrate-blockchain
Doc336,0,0,0,0.19,0,0.1,0,0,0,0.7,9,https://stackoverflow.com/questions/56391129/creating-bitcoin-raw-transaction-takes-all-balance
Doc337,0,0,0.15,0,0.15,0,0.1,0.59,0,0,7,https://stackoverflow.com/questions/56389693/setup-github-oauth-in-composer-rest-server-in-local-system
Doc338,0.26,0,0,0,0.41,0,0,0.3,0,0,4,https://stackoverflow.com/questions/56388800/how-can-i-run-a-tomochain-fullnode-with-pruned-chaindata
Doc339,0.36,0.44,0,0,0,0,0,0,0,0.19,1,https://stackoverflow.com/questions/56384558/ensuring-lowest-latency-neighbors-in-peer-to-peer-network-for-nodes-on-the-inter
Doc340,0,0,0.09,0,0.09,0.54,0.27,0,0,0,5,https://stackoverflow.com/questions/56383938/no-valid-from-address-specified-in-neither-the-given-options-nor-the-default
Doc341,0.16,0,0.36,0,0,0.06,0.37,0,0.04,0,6,https://stackoverflow.com/questions/56383718/some-basic-questions-about-smart-contracts
Doc342,0.83,0.12,0,0,0,0,0,0,0.05,0,0,https://stackoverflow.com/questions/56383207/how-to-decide-the-maximum-number-of-faulty-replicas-in-practical-byzantine-fault
Doc343,0.18,0,0,0.17,0,0,0,0.32,0.32,0,7,https://stackoverflow.com/questions/56379006/how-to-fix-error-14-unavailable-tcp-write-failed-with-hyperledger-fabric-blo
Doc344,0.13,0,0.67,0.2,0,0,0,0,0,0,2,https://stackoverflow.com/questions/56378271/how-can-i-manage-my-assets-in-hyperledger-composer
Doc345,0,0,0,0.53,0,0.16,0.13,0.17,0,0,3,https://stackoverflow.com/questions/56376233/how-to-compare-request-get-result-in-if-else-statement
Doc346,0,0,0,0.93,0,0,0,0.06,0,0,3,https://stackoverflow.com/questions/56374820/blockcypher-transaction-signing-error-using-bitcoinjs
Doc347,0,0.14,0,0,0,0,0,0,0.85,0,8,https://stackoverflow.com/questions/56362645/questions-about-raft-consensus-configuration
Doc348,0.07,0.29,0,0,0.19,0,0,0.44,0,0,7,https://stackoverflow.com/questions/56342202/corda-node-deployment-on-aws
Doc349,0.13,0,0,0.58,0,0,0.03,0.26,0,0,3,https://stackoverflow.com/questions/56337630/how-to-use-oraclize-in-solidity-to-pass-arguments-to-the-data-source
Doc350,0,0,0,0,0,0.08,0,0.67,0,0.24,7,https://stackoverflow.com/questions/56335553/how-much-disk-space-needed-for-bitcoin-sv-testnet-node-implementation
Doc351,0.33,0,0.57,0,0,0,0,0,0.09,0,2,https://stackoverflow.com/questions/56330237/how-can-gtin-be-used-in-blockchain
Doc352,0.27,0,0,0,0,0,0,0,0.47,0.26,8,https://stackoverflow.com/questions/56324378/hyperledger-fabric-configtxlator-decode-blockchain-data
Doc353,0,0,0.23,0.75,0,0,0,0,0,0,3,https://stackoverflow.com/questions/56292828/can-i-use-tuple-as-a-key-in-mapping
Doc354,0,0,0,0.3,0,0,0,0,0,0.7,9,https://stackoverflow.com/questions/56308774/how-do-cryptocurrencies-verify-that-the-mining-reward-is-initiated-by-the-system
Doc355,0.47,0,0,0,0,0,0,0.52,0,0,7,https://stackoverflow.com/questions/56291393/how-to-solve-this-error-in-blockchain-and-php
Doc356,0,0,0.16,0,0,0,0,0,0.31,0.52,9,https://stackoverflow.com/questions/56289677/how-is-the-transaction-id-generated-in-hyperledger-fabric
Doc357,0.35,0.1,0,0.11,0,0.28,0,0,0.16,0,0,https://stackoverflow.com/questions/56286973/how-is-blockchain-ledger-implemented-stored-in-a-peer
Doc358,0,0.13,0.14,0,0,0,0,0,0.15,0.57,9,https://stackoverflow.com/questions/56273156/how-ordering-service-in-hyperledger-make-blocks
Doc359,0,0.44,0.15,0,0,0,0,0,0.4,0,1,https://stackoverflow.com/questions/56262220/failed-to-run-composer-install-on-designed-three-organization-from-start-using-h
Doc360,0,0,0,0.09,0,0,0,0,0,0.91,9,https://stackoverflow.com/questions/56255048/how-is-the-total-underlying-cryptocurrency-in-a-present-state-calculated-in-bloc
Doc361,0,0,0,0.09,0.47,0,0.43,0,0,0,4,https://stackoverflow.com/questions/56245575/getting-error-when-try-to-deploy-contract-from-node-js-using-truffle-contract
Doc362,0,0.05,0,0,0.1,0,0,0.85,0,0,7,https://stackoverflow.com/questions/56235792/fail-to-run-nodes-across-machines-corda
Doc363,0,0,0,0.99,0,0,0,0,0,0,3,https://stackoverflow.com/questions/56235135/how-to-sign-a-blockcypher-transaction-using-bitcoinjs
Doc364,0,0,0,0,0,0,0,0,0,0.99,9,https://stackoverflow.com/questions/56188403/conflicting-validity-of-a-transaction-among-miners
Doc365,0,0,0,0,0,0.2,0,0,0.79,0,8,https://stackoverflow.com/questions/56181204/0-sub-policies-were-satisfied-but-this-policy-requires-1-of-the-writers-sub-p
Doc366,0,0.05,0,0,0,0.04,0,0,0,0.9,9,https://stackoverflow.com/questions/56177628/are-unconfirmed-transactions-of-a-blockchains-memory-pool-spread-over-nodes
Doc367,0.07,0.45,0,0,0,0.15,0,0,0.33,0,1,https://stackoverflow.com/questions/56167128/hyperledger-fablic-discovery-service-shows-peers-only-for-one-organization
Doc368,0,0,0.2,0.35,0,0,0.44,0,0,0,6,https://stackoverflow.com/questions/56161226/smart-contract-event-parsing-with-web3swift-and-interacting-with-it-swift
Doc369,0,0.85,0,0,0,0,0,0,0,0.14,1,https://stackoverflow.com/questions/56155223/hyperledger-fabric-how-many-peers-are-recommended-for-a-channel
Doc370,0,0.34,0.11,0,0,0,0,0.11,0.2,0.24,1,https://stackoverflow.com/questions/56153655/transaction-not-endorsed
Doc371,0,0,0,0,0,0,0,0,0.37,0.62,9,https://stackoverflow.com/questions/56148456/how-can-hyperledger-fabric-scale-for-multi-factory-production
Doc372,0.08,0,0.36,0,0,0.18,0,0,0.08,0.29,2,https://stackoverflow.com/questions/56145252/read-and-write-operation-in-hyperledger-fabric-smart-contract
Doc373,0,0.06,0.26,0.03,0,0.09,0.13,0.42,0,0,7,https://stackoverflow.com/questions/56143211/avm-deploy-to-remote-aion-kernel
Doc374,0,0,0.42,0,0.33,0,0,0.14,0.1,0,2,https://stackoverflow.com/questions/56129414/setting-up-hyperledger-sawtooth-on-aws
Doc375,0,0.29,0,0.1,0,0.17,0.29,0.14,0,0,1,https://stackoverflow.com/questions/56129403/trouble-connecting-to-nodes-using-truffle-for-azure-blockchain-service
Doc376,0,0,0,0,0.24,0.27,0,0.48,0,0,7,https://stackoverflow.com/questions/56128117/a-probleme-when-trying-to-lauch-the-node
Doc377,0,0,0,0,0,0,0,0.07,0.9,0.03,8,https://stackoverflow.com/questions/56113503/how-fix-rpc-error-code-unknown-desc-access-denied-channel-mychannel-cre
Doc378,0,0,0,0.41,0,0.07,0.05,0.37,0,0.1,3,https://stackoverflow.com/questions/56096526/how-to-set-up-and-use-the-kin-blockchain-in-a-unity-app-step-by-step
Doc379,0,0,0,0,0,1,0,0,0,0,5,https://stackoverflow.com/questions/56081117/how-do-you-convert-between-substrate-specific-types-and-rust-primitive-types
Doc380,0,0,0,0.1,0.05,0.23,0.61,0,0,0,6,https://stackoverflow.com/questions/56078385/someone-has-managed-to-get-the-balance-of-an-erc20-token-with-web3-js1-0-0
Doc381,0,0,0.31,0.23,0,0,0,0.27,0,0.18,2,https://stackoverflow.com/questions/56075160/can-we-check-double-creation-of-a-state-in-corda
Doc382,0,0,0.23,0,0.66,0,0,0.1,0,0,4,https://stackoverflow.com/questions/56071588/unable-to-install-composer-rest-server
Doc383,0,0,0,0.48,0.01,0.5,0,0,0,0.01,5,https://stackoverflow.com/questions/56062757/whats-the-function-of-t-in-substrates-fn-deposit-eventt-default
Doc384,0,0,0.74,0,0.09,0,0,0,0.17,0,2,https://stackoverflow.com/questions/56061329/track-who-did-what-using-digital-signatures
Doc385,0,0,0,0.49,0,0.5,0,0,0,0,5,https://stackoverflow.com/questions/56055893/problems-using-u8-in-substrate-and-ink
Doc386,0,0,0,0,0.23,0,0,0.76,0,0,7,https://stackoverflow.com/questions/56051668/corda-settler-exception-during-node-startup-when-running-runnodes-command
Doc387,0,0,0,0.59,0,0.4,0,0,0,0,3,https://stackoverflow.com/questions/56050073/how-do-i-define-a-custom-type-with-the-oo7-substrate-library
Doc388,0.12,0,0.13,0,0,0.35,0.4,0,0,0,6,https://stackoverflow.com/questions/56050027/in-the-oo7-substrate-ui-alice-has-zero-funds
Doc389,0.36,0,0.53,0.11,0,0,0,0,0,0,2,https://stackoverflow.com/questions/56043253/how-to-normalize-blockchain-storage
Doc390,0.04,0.26,0,0.02,0,0,0,0.22,0.27,0.18,8,https://stackoverflow.com/questions/56042284/timeout-expired-while-querying-large-data-on-hyperledger-fabric-1-4-1
Doc391,0.62,0.12,0.11,0,0.03,0,0,0,0.05,0.06,0,https://stackoverflow.com/questions/55962105/is-it-possible-to-scale-up-the-number-of-nodes-depending-on-the-real-time-traffi
Doc392,0,0,0.35,0.64,0,0,0,0,0,0,3,https://stackoverflow.com/questions/55949197/sha256-returns-strange-44-symbols-hash-not-64-as-usual
Doc393,0,0,0.11,0,0,0.32,0,0,0.49,0.07,8,https://stackoverflow.com/questions/55947108/what-is-the-use-of-role-when-registering-user-in-hyperledger-fabric
Doc394,0.35,0,0.39,0,0,0,0.21,0,0,0.04,2,https://stackoverflow.com/questions/55941711/tronweb-in-a-web-browser
Doc395,0.5,0,0.38,0,0,0,0.01,0.08,0,0.03,0,https://stackoverflow.com/questions/55932124/decentralized-authentication-for-microservices
Doc396,0.62,0,0,0,0,0.27,0.11,0,0,0,0,https://stackoverflow.com/questions/55931052/can-i-store-data-like-an-excel-file-on-the-ethereum
Doc397,0.19,0,0,0,0.17,0,0,0,0,0.63,9,https://stackoverflow.com/questions/55925036/corda-can-an-admin-see-the-transactions-going-in-a-corda-network
Doc398,0,0,0.43,0,0,0,0.56,0,0,0,6,https://stackoverflow.com/questions/55921599/convert-12-words-mnemonic-to-private-key-in-ethereum
Doc399,0.1,0,0.61,0,0.09,0,0,0.2,0,0,2,https://stackoverflow.com/questions/55920729/create-a-blockchain-com-wallet-using-the-api
Doc400,0,0,0,0,0,0,0,0.35,0,0.63,9,https://stackoverflow.com/questions/55919082/why-block-height-is-missing-in-my-transaction
Doc401,0,0,0.56,0,0,0,0,0,0.14,0.29,2,https://stackoverflow.com/questions/55911821/does-hyperledger-fabric-support-user-logs
Doc402,0.66,0,0,0,0,0.09,0,0,0,0.25,0,https://stackoverflow.com/questions/55907049/is-pbft-only-used-in-private-permissioned-blockchain
Doc403,0,0,0.51,0.06,0,0,0.22,0.21,0,0,2,https://stackoverflow.com/questions/55900774/how-do-you-create-a-12-or-24-mnemonics-code-for-multiple-cryptocurrencies-eth
Doc404,0,0,0,0.63,0.12,0,0.24,0,0,0,3,https://stackoverflow.com/questions/55889081/cannot-pass-multiple-arguments-to-contracts-method-in-web3
Doc405,0.26,0.46,0.07,0,0,0,0.08,0,0.09,0.03,1,https://stackoverflow.com/questions/55888661/understand-hyperledger-fabric-endorsement-policy-logic-and-peers-types
Doc406,0.1,0,0.6,0.06,0,0,0,0,0.09,0.14,2,https://stackoverflow.com/questions/55874346/how-to-save-query-historial-in-hyperledger-fabric
Doc407,0,0.15,0,0,0,0,0,0.55,0,0.29,7,https://stackoverflow.com/questions/55870301/does-there-exist-some-method-which-allows-me-to-ask-bitcoin-full-nodes-the-ip-a
Doc408,0,0,0.12,0,0,0.07,0,0.51,0.29,0,7,https://stackoverflow.com/questions/55867953/error-fabric-ca-request-register-failed-with-errors-code20-messageaut
Doc409,0,0.57,0,0,0,0,0,0,0.42,0,1,https://stackoverflow.com/questions/55863993/access-denied-channel-creator-org-org1msp-in-hyperledger-fabric-with-kuben
Doc410,0,0.17,0.24,0.58,0,0,0,0,0,0,3,https://stackoverflow.com/questions/55860940/how-to-console-log-value-from-an-asset-in-hyperledger-composer
Doc411,0,0.57,0,0,0,0,0,0,0.35,0.08,1,https://stackoverflow.com/questions/55857270/hyperledger-fabric-peer-unable-to-join-channel
Doc412,0,0,0,0.56,0,0,0.32,0,0,0.12,3,https://stackoverflow.com/questions/55849414/getting-mined-blocks-instead-of-the-supposed-returned-values
Doc413,0.32,0.05,0.27,0,0,0.35,0,0,0,0,5,https://stackoverflow.com/questions/55846369/how-download-file-from-ipfs-using-public-key-or-private-key
Doc414,0,0.07,0.12,0.64,0.17,0,0,0,0,0,3,https://stackoverflow.com/questions/55838883/error-could-not-find-any-functions-to-execute-for-transaction
Doc415,0,0.86,0,0.13,0,0,0,0,0,0,1,https://stackoverflow.com/questions/55842804/list-all-channel-in-hyperledger-fabric-network-using-node-sdk
Doc416,0.84,0,0,0,0.04,0,0,0,0,0.12,0,https://stackoverflow.com/questions/55835344/data-storage-problem-question-in-decentralised-private-blockchain-that-i-am-goin
Doc417,0,0,0,0.5,0,0.23,0,0.25,0,0,3,https://stackoverflow.com/questions/55832056/how-check-bitcoin-balance-with-qbitninja-client-without-own-node
Doc418,0,0.06,0,0,0.18,0.05,0,0.7,0,0,7,https://stackoverflow.com/questions/55829370/cant-register-given-path-of-type-source-because-its-out-of-content-root-c
Doc419,0,0,0,0.66,0,0.28,0.06,0,0,0,3,https://stackoverflow.com/questions/55825791/performance-issue-when-retrieving-transaction-details-from-quorum-blockchain
Doc420,0.12,0.06,0,0,0,0.02,0,0,0.8,0,8,https://stackoverflow.com/questions/55818001/hyperledger-fabric-1-2-capabilities-error
Doc421,0,0,0,0.41,0.17,0,0,0,0.28,0.14,3,https://stackoverflow.com/questions/55816757/deprecation-warning-error-with-blockchain
Doc422,0.35,0.29,0.35,0,0,0,0,0,0,0,0,https://stackoverflow.com/questions/55809844/how-to-use-aws-managed-blockchain-api-services
Doc423,0.42,0,0,0,0,0,0,0,0,0.57,9,https://stackoverflow.com/questions/55807950/send-and-sendmany-api
Doc424,0.12,0,0,0.15,0,0.33,0,0,0.39,0,8,https://stackoverflow.com/questions/55807370/chaincode-error-with-go-lang-no-such-file-or-directory
Doc425,0,0,0,0.6,0,0,0.22,0.16,0,0,3,https://stackoverflow.com/questions/55797472/invalid-syntax-unknown-line-89-pylintsyntax-error
Doc426,0,0,0.67,0,0,0,0.32,0,0,0,2,https://stackoverflow.com/questions/55796005/is-there-any-option-to-create-a-gui-by-using-solidity
Doc427,0,0,0.07,0.65,0.07,0,0,0.2,0,0,3,https://stackoverflow.com/questions/55785485/uncaught-typeerror-transportu2f-create-is-not-a-function
Doc428,0,0,0,0.63,0.17,0,0.2,0,0,0,3,https://stackoverflow.com/questions/55790619/when-i-am-passing-array-of-my-smart-contract-function-it-is-giving-me-errors-say
Doc429,0,0,0,0,0.31,0.32,0.35,0,0,0,6,https://stackoverflow.com/questions/55783217/error-when-i-upload-sol-file-to-azure-blockchain-workbench
Doc430,0.43,0,0,0.18,0.07,0.13,0.19,0,0,0,0,https://stackoverflow.com/questions/55762220/the-contract-is-supposed-to-be-private-but-every-node-can-access-the-ledger
Doc431,0.48,0,0.09,0.43,0,0,0,0,0,0,0,https://stackoverflow.com/questions/55755569/could-we-use-public-address-and-private-key-of-a-crypto-wallet-to-encrypt-a-file
Doc432,0.91,0,0,0,0,0,0.05,0,0,0.04,0,https://stackoverflow.com/questions/55749450/how-to-prevent-fake-data-from-being-sent-to-a-blockchain
Doc433,0,0,0.19,0.5,0.08,0,0,0.22,0,0,3,https://stackoverflow.com/questions/55748172/how-to-add-the-comment-options-and-the-beneficiary
Doc434,0,0,0,0,0.35,0,0,0.64,0,0,7,https://stackoverflow.com/questions/55743440/getting-error-while-executing-runnodes-command-on-mac
Doc435,0,0,0.53,0,0,0,0,0,0.46,0,2,https://stackoverflow.com/questions/55740735/why-two-pvt-keys-generated-in-registering-and-enrolling-admin-identity
Doc436,0,0.44,0,0,0.26,0,0,0.13,0.16,0,1,https://stackoverflow.com/questions/55730131/aws-managed-blockchain-cant-resolve-fabric-certificate-authority-endpoint
Doc437,0,0,0,0,0.23,0,0,0.75,0,0,7,https://stackoverflow.com/questions/55728874/how-to-fix-error-during-rpc-invocation-r3-corda
Doc438,0,0,0.08,0,0,0,0,0.17,0,0.75,9,https://stackoverflow.com/questions/55728748/how-to-make-bitcoin-hard-fork
Doc439,0,0,0,0.39,0.07,0,0,0.28,0,0.26,3,https://stackoverflow.com/questions/55724804/how-do-i-correctly-require-files-in-nodejs
Doc440,0.45,0,0.21,0,0.05,0,0.25,0,0,0.03,0,https://stackoverflow.com/questions/55710433/cant-find-the-right-architecture-for-my-crowdfunding-cordapp
Doc441,0,0,0.45,0,0.07,0,0.32,0,0,0.16,2,https://stackoverflow.com/questions/55704317/solidity-smart-contract-engine
Doc442,0,0,0,0.09,0.41,0,0.49,0,0,0,6,https://stackoverflow.com/questions/55682464/sol-verifier-constructor-arguments-fail-unable-to-verify
Doc443,0.12,0,0,0,0,0,0,0.05,0.26,0.57,9,https://stackoverflow.com/questions/55668221/how-does-transaction-rollback-work-in-hyperledger-fabric
Doc444,0.47,0,0,0.11,0.17,0,0.25,0,0,0,0,https://stackoverflow.com/questions/55665465/which-web3-version-is-correct
Doc445,0,0,0,0.07,0,0,0.9,0.03,0,0,6,https://stackoverflow.com/questions/55662954/const-cannot-define-in-react
Doc446,0,0,0,0,0.44,0.12,0.42,0,0,0,4,https://stackoverflow.com/questions/55660541/how-to-use-web3-in-react
Doc447,0,0,0.54,0.2,0,0,0,0,0.12,0.14,2,https://stackoverflow.com/questions/55650402/hyperledger-fabric-asset-vs-transaction
Doc448,0.65,0.05,0,0,0,0.17,0,0,0.07,0.07,0,https://stackoverflow.com/questions/55647360/hyperledger-fabric-private-data-collection-to-distribute-large-files
Doc449,0.2,0,0,0,0,0.1,0,0,0,0.69,9,https://stackoverflow.com/questions/55638017/what-is-proof-of-proof-pop
Doc450,0.67,0,0,0,0,0,0,0.02,0.08,0.21,0,https://stackoverflow.com/questions/55634253/is-the-proof-of-elapsed-time-consensus-mechanism-in-blockchains-byzantine-fault
Doc451,0,0.26,0,0,0,0,0,0.18,0.56,0,8,https://stackoverflow.com/questions/55629943/hyperledger-fabric-error-while-installing-the-chaincode-on-a-peer
Doc452,0,0.03,0.31,0.11,0,0,0,0,0.53,0,8,https://stackoverflow.com/questions/55616995/how-to-add-custom-affiliations-as-per-my-organisations-name-in-nodesdk-for-hype
Doc453,0.83,0,0,0,0,0.07,0.08,0,0,0.02,0,https://stackoverflow.com/questions/55609392/how-do-i-create-a-public-ledger-using-blockchain-for-my-application
Doc454,0,0,0,0.44,0.03,0,0.52,0,0,0,6,https://stackoverflow.com/questions/55608582/ride4dapps-typeerror-cannot-read-property-length-of-undefined-in-invokescript
Doc455,0,0,0,0,0.14,0.15,0.7,0,0,0,6,https://stackoverflow.com/questions/55604586/how-to-solve-web3-eth-contract-is-not-a-constructor
Doc456,0.31,0,0.6,0,0,0,0,0,0.08,0,2,https://stackoverflow.com/questions/55604473/what-are-the-different-ways-an-end-user-with-a-mobile-application-authenticate-w
Doc457,0,0.18,0.75,0,0,0.07,0,0,0,0,2,https://stackoverflow.com/questions/55592317/what-is-the-difference-between-hyperledger-fabric-and-blockchain-platform-v2-0
Doc458,0,0,0.69,0.19,0.12,0,0,0,0,0,2,https://stackoverflow.com/questions/55586961/token-mismatch-usd-vs-gbp-cordapp-kotlin-blockchain
Doc459,0,0,0,0.13,0.09,0,0.74,0.04,0,0,6,https://stackoverflow.com/questions/55584302/how-to-show-current-metamask-account
Doc460,0,0.1,0,0,0.28,0,0,0.22,0.4,0,8,https://stackoverflow.com/questions/55570534/convector-framework-cli-returns-error-when-installing-chaincode
Doc461,0.56,0,0.01,0,0,0,0,0,0.05,0.38,0,https://stackoverflow.com/questions/55566023/can-old-block-data-be-deleted-from-a-blockchain
Doc462,0,0,0,0,0.07,0,0,0.91,0,0,7,https://stackoverflow.com/questions/55553529/error-while-launching-tendermint-node-with-tendermint-init
Doc463,0,0,0.48,0,0,0,0.26,0,0,0.25,2,https://stackoverflow.com/questions/55552394/how-to-create-custom-smart-contract-using-python-flask-on-custom-blockchain
Doc464,0,0.13,0,0,0,0,0,0,0.87,0,8,https://stackoverflow.com/questions/55538672/failed-to-get-chaincode-container-info-for-mycc1-0-while-executing-peer-chainco
Doc465,0,0,0,0,0,0.2,0,0,0.78,0,8,https://stackoverflow.com/questions/55537099/unsupported-config-type
Doc466,0,0,0.68,0,0.09,0,0,0.14,0.09,0,2,https://stackoverflow.com/questions/55532997/hyperledger-composer-playground-local-files
Doc467,0,0,0,0,0,0,0,0.94,0.05,0,7,https://stackoverflow.com/questions/55532805/corda-the-responder-flow-annotation-initiatedby-in-corda-showing-an-incompati
Doc468,0,0.72,0,0,0,0,0,0.11,0,0.16,1,https://stackoverflow.com/questions/55532121/too-many-requests-for-amazon-managed-blockchain-service
Doc469,0,0,0.56,0.29,0,0,0,0,0,0.13,2,https://stackoverflow.com/questions/55527379/how-to-limit-the-amount-of-asset-that-someone-can-have-in-1-wallet
Doc470,0.25,0,0,0.13,0,0,0.22,0,0,0.39,9,https://stackoverflow.com/questions/55471673/simple-solidity-misunderstanding-how-where-does-it-utilise-blockchain
Doc471,0.18,0,0,0.23,0,0.13,0.45,0,0,0,6,https://stackoverflow.com/questions/55470664/how-to-identify-an-ethereum-smart-contract-transfer-using-rpc-web3js-ether-j
Doc472,0,0,0,0.99,0.01,0,0,0,0,0,3,https://stackoverflow.com/questions/55469782/unsuccessful-attempt-at-generating-a-bitcoin-public-address-from-private-key
Doc473,0.95,0,0.04,0,0,0,0,0,0,0,0,https://stackoverflow.com/questions/55466706/how-to-architect-the-dapp-blockchain-evm-app
Doc474,0.3,0,0.36,0,0,0,0.12,0,0,0.22,2,https://stackoverflow.com/questions/55464903/its-safe-to-send-public-key-along-with-signature
Doc475,0,0,0.29,0,0.52,0,0,0,0.17,0,4,https://stackoverflow.com/questions/55437483/how-can-i-query-double-nested-objects-in-hyperledger-fabric
Doc476,0,0,0,0.12,0.38,0,0,0,0.49,0,8,https://stackoverflow.com/questions/55431167/error-error-getting-chaincode-code-fabcar-failed-to-determine-platform-type-u
Doc477,0,0.04,0,0,0,0,0.69,0.23,0,0.04,6,https://stackoverflow.com/questions/55417453/error-while-connecting-from-remix-via-rpc-to-local-blockchain
Doc478,0,0,0,0.71,0,0.29,0,0,0,0,3,https://stackoverflow.com/questions/55407006/cannot-correctly-encode-string-when-reading-from-text-file-encoding-into-sha256
Doc479,0.18,0,0,0.46,0,0.14,0.16,0,0,0.06,3,https://stackoverflow.com/questions/55400009/what-is-the-main-difference-between-writeset-transferset-and-contractresult-in
Doc480,0.27,0,0,0.73,0,0,0,0,0,0,3,https://stackoverflow.com/questions/55398634/is-the-mapping-in-solidity-of-one-key-on-multiple-structs-of-same-type-possible
Doc481,0.19,0,0,0.8,0,0,0,0,0,0,3,https://stackoverflow.com/questions/55394576/what-does-the-parameter-i-represent-in-the-callable-functions-in-ride4dapps
Doc482,0.33,0,0.37,0,0,0,0,0.25,0.04,0,2,https://stackoverflow.com/questions/55392723/which-verification-key-is-used-for-steward-in-indy
Doc483,0,0,0.16,0.3,0,0.25,0,0,0.27,0,3,https://stackoverflow.com/questions/55392184/how-can-put-a-permission-on-function-in-node-sdk-of-hyperledger-fabric
Doc484,0.76,0,0,0,0,0,0,0,0,0.23,0,https://stackoverflow.com/questions/55383199/explain-tendermint-deadlock-in-the-docs
Doc485,0,0,0,0.69,0.06,0,0.24,0,0,0,3,https://stackoverflow.com/questions/55381815/what-does-the-first-three-lines-in-ride4dapps-mean
Doc486,0,0,0,0.64,0,0,0.26,0.07,0,0.03,3,https://stackoverflow.com/questions/55380158/how-to-sign-and-send-transfer-transaction-using-waves-transaction-js-library
Doc487,0.1,0,0,0,0,0.67,0,0,0,0.22,5,https://stackoverflow.com/questions/55378360/ghost-orders-not-able-to-be-filled
Doc488,0.09,0,0.77,0.14,0,0,0,0,0,0,2,https://stackoverflow.com/questions/55360962/composite-key-vs-single-key-append-strings
Doc489,0.09,0,0,0.72,0.18,0,0,0,0,0,3,https://stackoverflow.com/questions/55364812/leveldb-put-call-not-storing-complex-json-object-properly
Doc490,0.72,0,0,0,0,0,0,0,0,0.27,0,https://stackoverflow.com/questions/55355386/can-we-archive-the-aws-qldb-data-as-every-business-have-limitations-on-amount-o
Doc491,0,0,0.79,0,0,0,0,0.21,0,0,2,https://stackoverflow.com/questions/55350683/create-a-real-client-mobile-app-using-hyperledger-composer
Doc492,0.09,0,0.76,0.15,0,0,0,0,0,0,2,https://stackoverflow.com/questions/55349512/what-is-the-difference-between-create-an-index-with-compositekey-and-a-normal-in
Doc493,0,0,0,0.57,0,0.07,0.34,0,0,0,3,https://stackoverflow.com/questions/55281512/what-does-mean-in-solidity
Doc494,0.29,0,0.14,0,0.07,0,0.5,0,0,0,6,https://stackoverflow.com/questions/55276364/is-it-possible-to-upgrade-registry-smart-contract
Doc495,0,0,0.14,0.22,0,0.18,0.19,0,0.26,0,8,https://stackoverflow.com/questions/55274465/what-is-the-purpose-of-index-js-in-the-fabcar-chaincode
Doc496,0.68,0,0,0,0,0,0,0,0.31,0,0,https://stackoverflow.com/questions/55274362/hyperledger-fabric-how-would-hospitals-share-specific-patient-records
Doc497,0,0,0,0,0.08,0,0.05,0,0.86,0,8,https://stackoverflow.com/questions/55262640/hyperledger-fabric-1-4-error-instantiating-chaincode-node-with-internet-conne
Doc498,0,0,0,0,0.2,0.67,0,0.11,0,0,5,https://stackoverflow.com/questions/55260701/comparisons-between-quorum-constellation-and-tessera
Doc499,0,0.5,0,0,0,0,0,0,0.49,0,1,https://stackoverflow.com/questions/55256447/endorement-error-while-invoking-chain-code
Doc500,0,0,0,0.11,0,0,0,0,0,0.88,9,https://stackoverflow.com/questions/55253213/how-exactly-do-i-link-2-blocks-using-the-hash-of-the-previous-block
Doc501,0,0,0,0,0.33,0,0.03,0,0.63,0,8,https://stackoverflow.com/questions/55247863/error-while-instantiating-the-java-chaincode-on-hyperledger-fabric-network
Doc502,0.13,0,0,0.73,0,0,0.13,0,0,0,3,https://stackoverflow.com/questions/55233099/python-is-there-a-way-to-convert-a-string-to-bytes16
Doc503,0,0.68,0,0,0,0,0,0,0.32,0,1,https://stackoverflow.com/questions/55219497/error-initializing-the-network-channel-from-node-sdk-in-hyperledger-fabric
Doc504,0,0,0,0.91,0,0,0.02,0,0,0.06,3,https://stackoverflow.com/questions/55217698/therere-different-types-of-transactions-with-different-versions-in-waves-platfo
Doc505,0,0,0,0,0.54,0.03,0.04,0.38,0,0,4,https://stackoverflow.com/questions/55213992/hyperleger-indy-theorgbook-module-build-failure-due-to-node-and-npm-issue
Doc506,0,0.07,0,0.22,0,0,0.35,0.18,0,0.19,6,https://stackoverflow.com/questions/55200780/at-remix-ethereum-org-blockhash-function-always-zeroes-all-variables
Doc507,0,0.24,0.74,0,0,0,0,0,0,0,2,https://stackoverflow.com/questions/55199504/connect-between-android-app-and-network-on-hyperledger-composer
Doc508,0.54,0,0,0.28,0.16,0,0,0,0,0,0,https://stackoverflow.com/questions/55196785/importxml-not-pulling-required-data-to-google-sheets
Doc509,0.89,0,0,0,0,0,0.02,0,0,0.08,0,https://stackoverflow.com/questions/55188676/blockchain-usage-in-smart-home
Doc510,0,0.11,0.22,0.36,0,0,0,0.18,0,0.12,3,https://stackoverflow.com/questions/55178989/method-for-invoking-transaction-from-another-transaction-in-hyperledge-composer
Doc511,0.5,0,0.04,0,0,0.03,0,0,0,0.42,0,https://stackoverflow.com/questions/55175095/provably-fair-random-number-generator-on-hyperledger
Doc512,0.05,0,0,0.51,0.02,0,0,0.4,0.01,0,3,https://stackoverflow.com/questions/55167789/build-html-page-with-output-after-get-and-post-request
Doc513,0,0,0,0,0,0,0.08,0,0,0.91,9,https://stackoverflow.com/questions/55165908/how-pending-transactions-are-given-to-the-miners-to-mine-in-ethereum
Doc514,0,0.11,0.61,0.11,0,0,0,0,0.17,0,2,https://stackoverflow.com/questions/55161529/hyperledger-composer-modeling-language-how-to-import-concepts-into-another-mode
Doc515,0,0,0,0,0.99,0,0,0,0,0,4,https://stackoverflow.com/questions/55158888/corda-sample-app-node-deployment-build-failure-jre-compatibility-issue
Doc516,0,0.5,0,0,0.06,0,0,0.18,0.26,0,1,https://stackoverflow.com/questions/55156096/hyperledger-fabric-peer-nodes-fail-to-restart-with-byfn-script-when-machine-is
Doc517,0.54,0.33,0,0,0,0.04,0,0,0.08,0,0,https://stackoverflow.com/questions/55145130/accessing-ledger-on-a-multi-channel-multi-chaincode-and-multi-ledger-fabric-netw
Doc518,0.1,0,0.15,0,0.13,0,0.49,0,0,0.11,6,https://stackoverflow.com/questions/55154713/error-the-method-eth-sendtransaction-does-not-exist-is-not-available
Doc519,0,0,0,0.27,0,0,0.73,0,0,0,6,https://stackoverflow.com/questions/55140341/create-a-global-addressbook-for-deployed-smart-contracts
Doc520,0.19,0.18,0.12,0,0,0,0,0,0.42,0.08,8,https://stackoverflow.com/questions/55136126/how-orderer-verifies-the-identities-in-case-of-multiple-cas
Doc521,0,0.08,0.81,0,0,0,0,0.11,0,0,2,https://stackoverflow.com/questions/55134229/can-connect-between-hyperledger-composer-and-android-app
Doc522,0,0,0,0,0,0,0.06,0.93,0,0,7,https://stackoverflow.com/questions/55128567/error-when-run-command-start-iouflow-iouvalue-99-otherparty-o-partyb-l-new
Doc523,0.15,0,0.2,0,0.36,0,0,0.27,0,0,4,https://stackoverflow.com/questions/55123453/how-do-we-fix-this-ibm-platform-blockchain-error
Doc524,0.12,0.28,0.11,0,0,0.48,0,0,0,0,5,https://stackoverflow.com/questions/55125070/how-does-amazon-managed-blockchains-qldb-handle-permissions-for-the-different-o
Doc525,0.46,0,0,0.53,0,0,0,0,0,0,3,https://stackoverflow.com/questions/55121443/design-pattern-to-store-data-from-different-sources-in-one-object
Doc526,0,0.39,0,0,0,0,0,0,0.61,0,8,https://stackoverflow.com/questions/55117188/what-is-the-use-of-tls-concept-in-the-first-network-of-fabric-samples-of-hyperle
Doc527,0.57,0.04,0.23,0,0.02,0,0,0,0,0.14,0,https://stackoverflow.com/questions/55109834/use-case-for-bigchaindb-how-is-bigchaindb-decentralized
Doc528,0,0,0.58,0,0.08,0,0,0.33,0,0,2,https://stackoverflow.com/questions/55108146/error-trying-login-and-get-user-context-in-hyperledger-composer
Doc529,0.3,0,0,0,0,0.04,0,0,0,0.65,9,https://stackoverflow.com/questions/55105788/how-to-protect-from-51-attack
Doc530,0.64,0,0,0.1,0.05,0,0,0,0,0.21,0,https://stackoverflow.com/questions/55101428/provide-counterfeit-data-protection-for-end-users-of-service-tools
Doc531,0,0,0,0,0,0.5,0,0,0.24,0.23,5,https://stackoverflow.com/questions/55057886/how-to-decode-the-block-data-file-in-fabric
Doc532,0.7,0,0,0,0,0.05,0.06,0,0,0.17,0,https://stackoverflow.com/questions/55045661/hyperledger-burrow-is-there-a-way-to-set-miningreward-and-gasprice-to-0
Doc533,0.01,0,0.1,0,0,0,0,0.41,0.33,0.15,7,https://stackoverflow.com/questions/55048853/hyperledger-sawtooth-cannot-start-devmode-consensus-engine
Doc534,0,0,0.24,0.09,0.16,0,0,0.13,0.37,0,8,https://stackoverflow.com/questions/55044168/hyperledger-fabric-1-4-how-to-register-to-chaincode-emitted-events
Doc535,0,0,0,0.81,0,0,0.18,0,0,0,3,https://stackoverflow.com/questions/55041411/how-to-set-a-script-for-an-asset-using-waves-ide
Doc536,0,0,0,0.31,0,0,0,0.69,0,0,7,https://stackoverflow.com/questions/55035808/curl-invoke-restmethod
Doc537,0,0,0,0.99,0,0,0,0,0,0,3,https://stackoverflow.com/questions/55027451/im-getting-this-error-order-rejected-by-script-of-asset-while-creating-an-sma
Doc538,0,0,0.06,0,0,0,0.02,0,0.82,0.1,8,https://stackoverflow.com/questions/55021330/error-when-invoking-chaincode-signature-set-did-not-satisfy-policy
Doc539,0,0,0,0.49,0,0,0.29,0,0,0.22,3,https://stackoverflow.com/questions/55026182/how-can-i-calculate-fees-for-my-smart-accounts-and-smart-assets
Doc540,0,0,0,0,0,0,0,0,0.7,0.28,8,https://stackoverflow.com/questions/55018805/how-can-i-make-hyperledger-fabric-idemix-transaction-in-cli
Doc541,0,0.8,0.19,0,0,0,0,0,0,0,1,https://stackoverflow.com/questions/55016839/can-we-add-new-node-in-running-blockchain-network-developed-using-hypeledger
Doc542,0,0.26,0.37,0.04,0,0,0,0,0.28,0.05,2,https://stackoverflow.com/questions/55016679/hyperledger-fabric-is-it-possible-for-an-organization-to-join-a-channel-in-read
Doc543,0,0.19,0,0,0,0.13,0,0.1,0.57,0,8,https://stackoverflow.com/questions/55016301/unexpected-signal-during-runtime-execution-signal-sigsegv-segmentation-violati
Doc544,0.21,0,0.21,0,0,0,0.21,0,0,0.37,9,https://stackoverflow.com/questions/55006488/tool-service-for-ethereum-smart-contract-analytics
Doc545,0.49,0,0,0,0,0,0,0,0.25,0.25,0,https://stackoverflow.com/questions/54995668/which-is-best-solution-for-supply-chain-application-fabric-or-sawtooth
Doc546,0.06,0,0.72,0.22,0,0,0,0,0,0,2,https://stackoverflow.com/questions/54984576/hyperledger-fabric-1-4-how-do-we-define-assets
Doc547,0,0,0,0.46,0.04,0,0.13,0,0.36,0,3,https://stackoverflow.com/questions/54981807/how-to-emit-events-from-the-smart-contract-chaincode-using-the-node-fabric-con
Doc548,0,0,0,0.25,0,0,0,0.37,0.38,0,8,https://stackoverflow.com/questions/54970604/hyperledger-fabric-cannot-enroll-more-than-one-user
Doc549,0,0,0,0.2,0,0,0.66,0.1,0,0.04,6,https://stackoverflow.com/questions/54962969/smart-contract-methods-request-send-doesnt-display-anything
Doc550,0.23,0,0,0.3,0,0.07,0.18,0,0,0.2,3,https://stackoverflow.com/questions/54926728/how-to-filter-web3-events-with-date-range
Doc551,0,0,0,0.06,0.28,0,0,0,0,0.65,9,https://stackoverflow.com/questions/54925048/what-is-the-verification-speed-for-syncing-a-waves-node
Doc552,0,0,0,0,0.43,0,0.41,0.06,0,0.08,4,https://stackoverflow.com/questions/54924868/how-i-can-run-a-private-waves-blockchain
Doc553,0,0,0,0.84,0,0,0.15,0,0,0,3,https://stackoverflow.com/questions/54922988/how-to-use-waves-transactions-library-in-testnet
Doc554,0,0,0,0.53,0,0,0,0.22,0,0.24,3,https://stackoverflow.com/questions/54920127/how-to-cast-transaction-state-to-foostate-which-is-a-type-of-contractstate
Doc555,0,0.16,0,0.12,0.05,0.31,0.1,0.27,0,0,5,https://stackoverflow.com/questions/54918326/truffle-test-fail-when-network-flag-is-set
Doc556,0,0,0.78,0,0,0,0.05,0,0,0.17,2,https://stackoverflow.com/questions/54914873/integrate-blockchain-using-hyperledger-into-wordpress
Doc557,0.17,0.12,0,0.71,0,0,0,0,0,0,3,https://stackoverflow.com/questions/54914608/got-an-configurationerror-when-sending-a-transaction-in-xcode
Doc558,0,0,0,0.82,0,0,0.17,0,0,0,3,https://stackoverflow.com/questions/54908658/how-can-i-get-string-address-from-tx-sender-in-ride
Doc559,0,0,0,0,0,0.08,0.41,0.5,0,0,7,https://stackoverflow.com/questions/54907477/im-testing-a-multi-sig-contract-using-ride-but-i-have-got-the-following-error
Doc560,0,0,0.33,0.52,0,0,0.13,0,0,0,3,https://stackoverflow.com/questions/54906794/how-i-can-create-a-smart-asset-which-can-be-traded-only-by-the-assets-issuer-i
Doc561,0,0,0,0,0,0,0.98,0,0,0,6,https://stackoverflow.com/questions/54906129/is-the-waves-smart-contract-has-similar-addresses-as-in-ethereum
Doc562,0,0,0,0.52,0,0,0.48,0,0,0,3,https://stackoverflow.com/questions/54894834/how-to-create-a-whitelist-as-a-smart-asset
Doc563,0,0,0,0,0,0,0,0.1,0,0.89,9,https://stackoverflow.com/questions/54890521/how-to-know-if-my-waves-node-is-on-fork-or-not
Doc564,0,0,0,0.74,0.05,0,0.15,0,0,0.06,3,https://stackoverflow.com/questions/54887046/which-type-of-transactions-does-waves-platform-have-for-smart-accounts-and-smart
Doc565,0,0.07,0,0,0,0,0,0.86,0,0.06,7,https://stackoverflow.com/questions/54886620/failed-to-connect-to-load-balancer-while-performing-transactions-between-corda-n
Doc566,0,0,0,0.3,0.09,0,0.16,0.32,0,0.11,7,https://stackoverflow.com/questions/54879551/how-to-create-tron-transaction
Doc567,0,0.28,0.1,0,0,0.2,0,0.41,0,0,7,https://stackoverflow.com/questions/54866614/missing-multichain-conf-how-to-create
Doc568,0,0,0,0,0,0,0,0.02,0,0.98,9,https://stackoverflow.com/questions/54863758/what-if-two-blocks-complete-their-pow-at-same-time
Doc569,0.84,0,0,0,0,0,0,0.14,0,0,0,https://stackoverflow.com/questions/54863570/how-to-present-proof-of-recaptcha-solving
Doc570,0,0,0.12,0.05,0.46,0,0.08,0.29,0,0,4,https://stackoverflow.com/questions/54861475/error-for-tronbox-initialization-or-command-related-to-tronbox
Doc571,0,0,0,0.1,0,0.23,0.01,0,0,0.65,9,https://stackoverflow.com/questions/54860922/publish-off-chain-item-with-on-chain-notes
Doc572,0,0,0.62,0,0,0.37,0,0,0,0,2,https://stackoverflow.com/questions/54859932/can-we-write-queries-in-multichain-like-select-from-stream1-key1-where-key1-va
Doc573,0.35,0.26,0,0,0,0,0.37,0,0,0,6,https://stackoverflow.com/questions/54848561/what-is-the-purpose-of-handshakelocal-in-multichain
Doc574,0,0.46,0,0,0,0,0.09,0.43,0,0,1,https://stackoverflow.com/questions/54846734/what-does-offline-rpc-command-in-multichain-does
Doc575,0,0,0,0,0.18,0,0,0,0.57,0.24,8,https://stackoverflow.com/questions/54846441/how-to-resolve-timeout-error-while-executing-transactions-in-hyperledger-fabric
Doc576,0,0,0,0.07,0,0.62,0,0,0,0.29,5,https://stackoverflow.com/questions/54844533/what-is-the-differnce-in-a-grapich-when-i-use-mod-p-for-example-the-differenc
Doc577,0.06,0,0,0.3,0,0,0.63,0,0,0,6,https://stackoverflow.com/questions/54842557/expected-identifier-but-got-payable
Doc578,0,0,0,0,0,0,0,0,0,0.98,9,https://stackoverflow.com/questions/54837798/publish-off-chain-item-with-on-chain-notes-in-multichain
Doc579,0,0,0.42,0.57,0,0,0,0,0,0,3,https://stackoverflow.com/questions/54827446/how-can-i-sign-a-transaction-with-a-private-key-using-the-rest-api-waves
Doc580,0,0,0,0.38,0,0,0.48,0,0,0.12,6,https://stackoverflow.com/questions/54825539/how-can-i-send-back-the-ether-which-i-used-to-buy-a-token-in-erc20
Doc581,0,0,0,0.44,0,0,0.33,0,0,0.23,3,https://stackoverflow.com/questions/54824307/how-can-i-create-that-waves-smart-contracts-and-assets-with-js
Doc582,0.42,0,0,0,0,0.46,0,0,0,0.1,5,https://stackoverflow.com/questions/54817532/how-to-create-a-blockchain-for-record-keeping-using-ethereum-parity-ipfs
Doc583,0,0.09,0,0,0.42,0,0.38,0,0.1,0,4,https://stackoverflow.com/questions/54809627/hyperledger-fabric-smart-contract-is-not-creating-in-vs-code
Doc584,0.23,0,0.27,0.13,0,0,0,0,0,0.38,9,https://stackoverflow.com/questions/54753331/is-it-necessary-to-use-a-cryptocurrency-to-make-a-payment-using-blockchain
Doc585,0,0,0,0,0.86,0,0,0,0.13,0,4,https://stackoverflow.com/questions/54735249/global-build-tools-cant-be-installed-as-a-pre-requisite-for-setting-up-hyperled
Doc586,0.55,0,0,0,0,0,0,0,0,0.43,0,https://stackoverflow.com/questions/54734210/how-to-calculate-number-of-messages-in-bft
Doc587,0.36,0,0,0.42,0,0,0,0,0,0.21,3,https://stackoverflow.com/questions/54728447/blockchain-beginner-how-do-i-validate-my-sha-256-hash-submission-by-converting
Doc588,0,0,0,0,0,0,0.3,0,0,0.66,9,https://stackoverflow.com/questions/54726879/how-get-list-transactions-for-my-hd-account-to-json
Doc589,0.52,0.13,0,0,0,0,0.05,0.07,0,0.22,0,https://stackoverflow.com/questions/54722167/how-corda-replace-the-current-data-consistency-used-in-financial-industry
Doc590,0,0,0.7,0,0,0,0,0.15,0,0.14,2,https://stackoverflow.com/questions/54697796/changes-made-to-rest-server-using-apis-not-reflected-in-composer-playground
Doc591,0.23,0,0.41,0,0,0,0,0,0.36,0,2,https://stackoverflow.com/questions/54697330/using-hyperledger-fabric-with-c-application
Doc592,0.98,0,0,0,0,0,0,0,0,0,0,https://stackoverflow.com/questions/54697247/are-asynchronous-distributed-systems-faster-than-synchronous
Doc593,0,0.34,0,0,0,0,0,0,0.35,0.31,8,https://stackoverflow.com/questions/54688849/how-to-get-the-list-of-orderers-peers-organizations-participated-in-block-chain
Doc594,0,0,0.2,0,0.39,0,0,0,0.14,0.27,4,https://stackoverflow.com/questions/54687656/sawtooth-supply-chain-application-setup-failed
Doc595,0,0,0.33,0,0,0.2,0,0,0.36,0.1,8,https://stackoverflow.com/questions/54673179/fully-revoke-a-user-certificates-in-hyperledger-fabric-node-sdk
Doc596,0,0.37,0,0.22,0,0,0,0,0.4,0,8,https://stackoverflow.com/questions/54664042/getting-cannot-init-crypto-while-deploying-hyperledger-fabric-peer-to-kubernet
Doc597,0,0.02,0.04,0.64,0,0.02,0.15,0.12,0,0,3,https://stackoverflow.com/questions/54663482/sawtooth-transaction-error-tried-to-set-unauthorized-address
Doc598,0,0.04,0,0,0,0.26,0,0.28,0.12,0.3,9,https://stackoverflow.com/questions/54662484/how-to-implement-non-blocking-client-in-grpc-go
Doc599,0,0,0,0.48,0.16,0,0,0.33,0,0.02,3,https://stackoverflow.com/questions/54659017/query-response-is-nil-without-errors
Doc600,0,0,0.84,0,0.12,0,0.03,0,0,0,2,https://stackoverflow.com/questions/54647693/how-to-connect-hyperledger-composer-rest-server-to-own-created-authentication
Doc601,0.08,0,0,0,0,0,0,0,0.04,0.87,9,https://stackoverflow.com/questions/54630084/how-tampering-of-data-already-added-blocks-data-in-blockchain-or-worldstate-i
Doc602,0,0,0.18,0.63,0,0,0.19,0,0,0,3,https://stackoverflow.com/questions/54528837/error-while-using-bitcore-library-for-generating-public-addresses
Doc603,0.45,0,0,0,0,0.48,0,0,0,0.06,5,https://stackoverflow.com/questions/54520068/blockchain-for-document-archival-en-secure-transfer
Doc604,0,0.24,0,0,0,0,0,0,0.74,0,8,https://stackoverflow.com/questions/54513363/peer-or-orderer-reload-after-reenroll
Doc605,0,0,0,0,0,0.08,0,0,0.88,0.03,8,https://stackoverflow.com/questions/54511814/hyperledger-fabric-setup-with-more-than-one-orderers
Doc606,0,0,0.62,0,0.19,0,0,0,0.17,0,2,https://stackoverflow.com/questions/54508835/tools-for-deployment-hyperledger-fabric
Doc607,0,0.12,0,0,0,0,0.16,0.68,0,0.04,7,https://stackoverflow.com/questions/54491991/geth-websocket-over-nginx-reverse-proxy
Doc608,0,0,0,0.37,0,0,0,0,0,0.62,9,https://stackoverflow.com/questions/54487532/how-does-bitcoin-transaction-validation-work-with-scriptsig-and-sciptpubkey
Doc609,0,0,0,0.41,0,0,0.43,0,0.15,0,6,https://stackoverflow.com/questions/54490446/create-a-room-in-solidity
Doc610,0,0,0,0.62,0,0,0,0.36,0,0,3,https://stackoverflow.com/questions/54473693/failed-to-register-typeerror-parameter-url-must-be-a-string-not-object
Doc611,0,0.5,0.28,0,0,0.2,0,0,0,0,1,https://stackoverflow.com/questions/54473782/what-is-the-difference-between-amazon-managed-blockchain-and-amazon-blockchain-t
Doc612,0,0,0,0,0.58,0.07,0,0.35,0,0,4,https://stackoverflow.com/questions/54473368/corda-v4-template-app-crashes-while-running-deploynodes
Doc613,0,0.51,0.48,0,0,0,0,0,0,0,1,https://stackoverflow.com/questions/54468381/connect-2-separate-laptops-using-docker-swarm
Doc614,0,0,0.06,0.78,0,0,0,0,0,0.15,3,https://stackoverflow.com/questions/54464892/map-entry-java
Doc615,0,0,0,0,0,0.84,0,0.16,0,0,5,https://stackoverflow.com/questions/54444590/parity-error-reading-from-chain-spec-file
Doc616,0,0,0,0,0.11,0,0.34,0.54,0,0,7,https://stackoverflow.com/questions/54434965/i-cant-find-web3-eth-personal-newaccount
Doc617,0.47,0,0.1,0,0.12,0,0,0.3,0,0,0,https://stackoverflow.com/questions/54434957/how-to-create-parties-in-corda
Doc618,0.47,0.14,0.1,0,0.04,0,0,0,0.13,0.11,0,https://stackoverflow.com/questions/54433762/how-to-backup-block-chain-network-data
Doc619,0,0,0,0.13,0,0,0,0,0,0.86,9,https://stackoverflow.com/questions/54427319/how-seal-number-will-be-calculated-in-blockchain-hashing
Doc620,0.04,0.07,0,0.17,0.04,0,0,0.63,0,0.04,7,https://stackoverflow.com/questions/54421067/steemit-jussi-docker-not-working-properly
Doc621,0,0.35,0.14,0,0,0.13,0,0,0.38,0,8,https://stackoverflow.com/questions/54419670/in-hyperledger-fabric-what-is-difference-between-org1msp-member-org1msp-pee
Doc622,0.31,0,0,0,0.21,0.38,0,0.08,0,0,5,https://stackoverflow.com/questions/54404071/oracle-blockchain-platform-instance-creation-fails
Doc623,0.25,0,0,0.05,0.06,0.35,0,0.22,0,0.08,5,https://stackoverflow.com/questions/54385016/simple-synchronization-protocol-for-array-of-objects
Doc624,0.04,0,0,0.11,0.28,0.1,0.48,0,0,0,6,https://stackoverflow.com/questions/54388104/core-addproviders-is-not-a-function
Doc625,0.15,0.03,0,0.69,0.02,0,0,0.11,0,0,3,https://stackoverflow.com/questions/54381681/how-to-start-with-iota-application
Doc626,0.07,0,0,0,0,0,0,0,0,0.92,9,https://stackoverflow.com/questions/54370568/in-a-cordar3-transaction-can-i-consume-a-state-known-only-by-one-party
Doc627,0,0.13,0.18,0,0.04,0.42,0.22,0,0,0,5,https://stackoverflow.com/questions/54359632/add-new-minor-nodes-to-private-ethereum-network-set-up-using-aws-blockchain-temp
Doc628,0,0.62,0,0,0,0.09,0,0,0.29,0,1,https://stackoverflow.com/questions/54358878/regarding-hyperledger-explorer
Doc629,0,0,0,0,0,0,0,0.99,0,0,7,https://stackoverflow.com/questions/54354780/pact-todo-mvc-no-handler-accepted-message-in-browser
Doc630,0.18,0,0.35,0,0,0.36,0.08,0,0,0.03,5,https://stackoverflow.com/questions/54345029/general-question-on-how-to-use-quorum-blockchain
Doc631,0.34,0,0,0,0,0,0,0,0,0.65,9,https://stackoverflow.com/questions/54327965/is-block-reward-for-mining-on-a-non-currency-blockchain-necessary
Doc632,0,0.56,0.19,0,0,0,0,0.16,0.09,0,1,https://stackoverflow.com/questions/54325896/error-trying-to-ping-error-2-unknown-access-denied
Doc633,0,0.29,0,0,0,0,0,0.2,0.51,0,8,https://stackoverflow.com/questions/54324057/error-reading-from-192-168-1-16444214-rpc-error-code-canceled-desc-contex
Doc634,0,0,0,0,0,0,0,0,0.99,0,8,https://stackoverflow.com/questions/54321201/issue-with-chaincode-instantiate-in-hyperledger-fabric
Doc635,0.08,0,0,0.27,0,0,0.64,0,0,0,6,https://stackoverflow.com/questions/54320320/how-to-call-contract-inside-another-contarct-in-solidity-version-0-5-2
Doc636,0,0,0.93,0.05,0,0,0,0,0,0,2,https://stackoverflow.com/questions/54311032/chaning-participants-attribute-while-creating-an-asset
Doc637,0,0.31,0.11,0,0,0,0,0,0.58,0,8,https://stackoverflow.com/questions/54307340/error-trying-to-connect-to-business-network
Doc638,0,0,0,0.28,0.12,0,0.29,0.31,0,0,7,https://stackoverflow.com/questions/54305045/unknown-action-hi-in-contract-error-while-deploying-smart-contract-on-testnet
Doc639,0,0,0,0,0.2,0,0,0,0.79,0,8,https://stackoverflow.com/questions/54303719/please-tell-me-how-to-solve-path-to-chaincode-does-not-exist
Doc640,0,0,0,0,0,0.05,0,0.24,0,0.7,9,https://stackoverflow.com/questions/54294040/cant-mine-the-genesis-block-of-an-pos-mn-coin
Doc641,0.2,0,0,0,0.09,0.36,0,0,0,0.34,5,https://stackoverflow.com/questions/54288491/how-to-modify-blocktime-of-a-running-private-ethereum-network
Doc642,0,0,0.92,0,0,0,0,0.07,0,0,2,https://stackoverflow.com/questions/54284494/how-to-configure-the-multi-user-mode-of-hyperledger-composer-with-the-front-end
Doc643,0.42,0,0,0.13,0,0.14,0.3,0,0,0,0,https://stackoverflow.com/questions/54281072/what-is-the-relationship-between-ethereum-and-solidity
Doc644,0.39,0,0,0.24,0,0,0.02,0.36,0,0,0,https://stackoverflow.com/questions/54279208/azure-blockchain-workbench-rest-api-returns-204-no-content
Doc645,0,0.61,0.09,0.27,0,0,0.02,0,0,0,1,https://stackoverflow.com/questions/54275221/adding-member-to-existing-hyperledger-fabric-1-2-network-on-amazonmanaged-blockc
Doc646,0,0.61,0,0,0,0,0,0.29,0.1,0,1,https://stackoverflow.com/questions/54274351/deploy-and-expose-chaincode-as-rest-api-on-amazon-managed-blockchain-hyperledger
Doc647,0,0,0,0,0,0,0,0,1,0,8,https://stackoverflow.com/questions/54258165/error-pulling-image-configuration-when-apply-get-docker-images-sh
Doc648,0,0,0.99,0,0,0,0,0,0,0,2,https://stackoverflow.com/questions/54258091/importing-model-formulas-to-a-cto-hyperledger-composer-model
Doc649,0,0,0,0,0,0.24,0.43,0,0,0.33,6,https://stackoverflow.com/questions/54245587/ethereum-proof-of-authority-on-azure
Doc650,0.13,0,0,0,0,0.33,0.23,0.12,0,0.19,5,https://stackoverflow.com/questions/54222107/ropsten-accounts-getting-emptied-by-unauthorized-transactions
Doc651,0,0,0,0,0.09,0,0.04,0.3,0,0.57,9,https://stackoverflow.com/questions/54198663/is-there-any-functionality-in-corda-quickstarts-notary-node
Doc652,0.06,0,0,0.37,0,0.03,0.54,0,0,0,6,https://stackoverflow.com/questions/54211913/how-to-assign-or-reset-the-address-payable-variable-in-solidity-0-5-2-or-above
Doc653,0.31,0,0.11,0,0,0.18,0,0,0.1,0.29,0,https://stackoverflow.com/questions/54198632/can-permissioned-blockchain-nodes-be-changed-frequently-being-selected-from-a-wh
Doc654,0,0.12,0.01,0,0,0,0,0,0.86,0,8,https://stackoverflow.com/questions/54195016/in-hyperledger-fabric-how-do-i-join-a-channel-if-i-cannot-use-the-peer-channel
Doc655,0.88,0,0,0.11,0,0,0,0,0,0,0,https://stackoverflow.com/questions/54194750/what-is-the-best-approach-to-save-ecommerce-data-on-blockchain
Doc656,0,0,0,0.26,0,0.3,0,0,0,0.43,9,https://stackoverflow.com/questions/54178575/how-do-you-modify-the-bytes-in-a-hash-in-parity-substrate
Doc657,0.34,0,0,0.55,0,0,0.11,0,0,0,3,https://stackoverflow.com/questions/54150866/cannot-create-array-of-structs-within-another-struct-in-ethereum-voting-applicat
Doc658,0.22,0,0.29,0,0,0.1,0,0,0.39,0,8,https://stackoverflow.com/questions/54139134/using-non-fabric-ca-as-a-parent-of-fabric-cas
Doc659,0.2,0,0.37,0,0,0.17,0,0,0,0.25,2,https://stackoverflow.com/questions/54134669/types-of-blockchains
Doc660,0,0,0,0.02,0.11,0.56,0.19,0.13,0,0,5,https://stackoverflow.com/questions/54128954/quorum-ethereum-truffle-error-number-can-only-safely-store-up-to-53-bits
Doc661,0.88,0,0,0.11,0,0,0,0,0,0,0,https://stackoverflow.com/questions/54128940/how-to-store-private-data-on-blockchain
Doc662,0,0.13,0.3,0.44,0,0,0,0,0.12,0,3,https://stackoverflow.com/questions/54127744/getting-an-error-when-i-am-trying-to-add-an-asset-through-transaction-in-hyperle
Doc663,0.04,0,0,0.44,0,0,0.25,0.27,0,0,3,https://stackoverflow.com/questions/54125211/solidity-0-5-0-too-much-variables
Doc664,0,0,0.71,0,0.06,0,0.23,0,0,0,2,https://stackoverflow.com/questions/54122113/converting-ui-selected-field-to-solidity-smart-contract
Doc665,0,0.07,0,0,0,0.91,0,0,0,0,5,https://stackoverflow.com/questions/54121934/is-it-possible-to-have-branches-in-a-blockchain
Doc666,0,0,0,0,0.49,0.49,0,0,0,0,4,https://stackoverflow.com/questions/54119047/how-do-i-solve-trufle-init-command-not-found-terminal-issue-on-mac
Doc667,0,0,0,0.57,0.03,0,0,0,0,0.4,3,https://stackoverflow.com/questions/54118212/why-is-previoushash-not-showing-when-i-console-log-my-test-blockchain
Doc668,0.12,0,0,0.32,0,0.09,0,0.06,0,0.41,9,https://stackoverflow.com/questions/54109001/the-validator-cannot-currently-accept-more-batches-due-to-a-full-queue-please
Doc669,0,0.16,0,0,0.52,0.32,0,0,0,0,4,https://stackoverflow.com/questions/54107891/truffle-command-is-working-from-c-users-user-only-but-not-from-anywhere-else
Doc670,0.06,0,0,0,0,0,0.64,0.12,0,0.18,6,https://stackoverflow.com/questions/54092858/how-to-dynamically-pickup-new-smart-contract-compiled-abi-without-restarting-the
Doc671,0.31,0,0,0.16,0.26,0.16,0.12,0,0,0,0,https://stackoverflow.com/questions/54088135/i-am-trying-to-test-this-liquidity-smart-contract-code-but-if-shows-error-liqui
Doc672,0.46,0,0,0.11,0,0.02,0,0,0,0.41,0,https://stackoverflow.com/questions/54084583/are-all-blockchain-array-implementations-incorrect
Doc673,0.17,0,0,0.56,0,0,0,0.03,0,0.23,3,https://stackoverflow.com/questions/54083407/cout-is-showing-a-differnet-kind-of-behavior
Doc674,0.1,0,0.66,0,0,0.15,0,0,0.09,0,2,https://stackoverflow.com/questions/54078144/making-a-development-and-deployment-environment-for-blockchain-applications-too
Doc675,0.07,0,0,0,0.16,0,0,0,0,0.76,9,https://stackoverflow.com/questions/54073153/we-are-able-to-delete-the-entries-which-were-created-during-the-transaction-in-c
Doc676,0.17,0,0.3,0,0,0,0.41,0.04,0,0.08,6,https://stackoverflow.com/questions/54072941/how-does-ethereum-smart-contract-work-on-mobile-client
Doc677,0,0,0,0.26,0.03,0,0.35,0,0,0.34,6,https://stackoverflow.com/questions/54056587/how-to-get-the-address-of-the-contract-creator
Doc678,0.24,0.21,0.22,0,0,0.1,0,0.22,0,0,0,https://stackoverflow.com/questions/54044016/location-of-couchdb-in-hyperledger-offline
Doc679,0.2,0,0,0.07,0.23,0.13,0,0,0.13,0.23,4,https://stackoverflow.com/questions/54035358/locate-ledger-filename-by-block-number-in-hyperledger-fabric
Doc680,0,0,0,0.22,0.31,0.31,0.08,0,0,0.07,4,https://stackoverflow.com/questions/54016427/geth-always-return-the-0-balance
Doc681,0.18,0,0,0,0.09,0.34,0,0.39,0,0,7,https://stackoverflow.com/questions/54011216/store-ganache-gui-blockchain-on-windows
Doc682,0,0.06,0.87,0.06,0,0,0,0,0,0,2,https://stackoverflow.com/questions/54006629/in-hyperledger-composer-is-it-possible-to-have-a-set-of-participants-that-can-b
Doc683,0.23,0,0,0,0,0.06,0,0,0,0.71,9,https://stackoverflow.com/questions/54004872/whats-the-difference-between-blockchain-and-immutable-linked-list
Doc684,0.1,0,0.45,0,0,0.04,0.35,0,0,0.06,2,https://stackoverflow.com/questions/54004308/integrate-blockchain-payment-gateway
Doc685,0,0,0,0.18,0.21,0,0.47,0,0,0.13,6,https://stackoverflow.com/questions/54001540/error-returned-error-invalid-sender-ethereum-private-network-error
Doc686,0,0,0,0.05,0.39,0,0.1,0.38,0.09,0,4,https://stackoverflow.com/questions/53995087/java-lang-nosuchmethoderror-javax-validation-bootstrapconfiguration-getclockpro
